keyword,file_path,heading,line_start
ADR_SafeQueuingOnHotMiss,docs/components/jit/jit_compiler.md,8. 設計判断 (ADR),330
ADR_SafeQueuingOnHotMiss,docs/requires/requirement_list.md,4. 設計課題・制約追跡 (Design Challenges & ADRs),178
ADR_ScalableCodeOffset,docs/components/jit/jit_compiler.md,8. 設計判断 (ADR),330
ADR_ScalableCodeOffset,docs/requires/requirement_list.md,4. 設計課題・制約追跡 (Design Challenges & ADRs),178
Asynchronous_Notification,docs/components/core/system_syscall.md,7. WASIホスト側実装,242
Asynchronous_Notification,docs/components/core/system_syscall.md,8. ホストからゲストへの非同期通知メカニズム,256
Asynchronous_Notification,docs/components/core/system_syscall.md,8.1.1. 仮想割り込みID,265
Asynchronous_Notification,docs/components/interface/interface_wit.md,3. 共通データ構造,15
Asynchronous_Notification,docs/components/interface/interface_wit.md,3.1 基礎インターフェイス,17
Asynchronous_Notification,docs/components/interface/interface_wit.md,6. 非同期通知メカニズム,149
Asynchronous_Notification,docs/requires/requirement_list.md,3. 命題リスト,32
Asynchronous_Notification,docs/requires/requirement_list.md,3.1 機能要求,34
Asynchronous_Notification,docs/requires/requirement_list.md,3.1.3 システム連携 (IPC/HAL/WIT),81
BufferedLogging,docs/components/core/os_coos.md,2. アーキテクチャ分類,7
BufferedLogging,docs/components/core/system_config_details.md,2. マクロ一覧,7
BufferedLogging,docs/components/core/system_config_details.md,2.5 ロギング,87
BufferedLogging,docs/components/core/system_config_details.md,2.6 デバッガ,93
BufferedLogging,docs/components/core/system_config_details.md,2.7 型定義・予約値,100
BufferedLogging,docs/components/core/system_logging.md,1. コンセプト,3
BufferedLogging,docs/components/core/system_logging.md,4. 動的モデル,55
BufferedLogging,docs/components/core/system_logging.md,4.1 アルゴリズム,57
BufferedLogging,docs/components/core/system_logging.md,4.4 状態遷移図,86
BufferedLogging,docs/components/core/system_logging.md,5. インターフェイス定義,120
BufferedLogging,docs/components/core/system_logging.md,5.1 公開API,122
BufferedLogging,docs/components/core/system_logging.md,6. 制約達成の方策,153
BufferedLogging,docs/components/core/system_logging.md,6.1 性能制約と方策,155
BufferedLogging,docs/components/core/system_logging.md,6.3 安全性制約と方策,165
BufferedLogging,docs/components/core/system_logging.md,ログイベント記録 (`log_event`),126
BufferedLogging,docs/requires/requirement_list.md,3. 命題リスト,32
BufferedLogging,docs/requires/requirement_list.md,3.1 機能要求,34
BufferedLogging,docs/requires/requirement_list.md,3.1.4 デバッグ・運用,109
COOS_Deterministic,docs/components/core/os_scheduler.md,1. コンセプト,3
COOS_Deterministic,docs/requires/requirement_list.md,3. 命題リスト,32
COOS_Deterministic,docs/requires/requirement_list.md,3.1 機能要求,34
COOS_Deterministic,docs/requires/requirement_list.md,3.1.2 タスク管理・通信 (COOS),64
COOS_Scheduling_Refine,docs/components/core/os_scheduler.md,5. インターフェイス設計,110
COOS_Scheduling_Refine,docs/components/core/os_scheduler.md,6. 設計判断 (ADR),196
COOS_Scheduling_Refine,docs/components/core/os_scheduler.md,タスク生成 (`spawn`),129
COOS_Scheduling_Refine,docs/requires/requirement_list.md,3. 命題リスト,32
COOS_Scheduling_Refine,docs/requires/requirement_list.md,3.1 機能要求,34
COOS_Transparent,docs/components/core/os_scheduler.md,3. 静的モデル,11
COOS_Transparent,docs/components/core/os_scheduler.md,3.1 データ構造,13
COOS_Transparent,docs/components/core/os_scheduler.md,3.2 内部ブロック図,19
COOS_Transparent,docs/requires/requirement_list.md,3. 命題リスト,32
COOS_Transparent,docs/requires/requirement_list.md,3.1 機能要求,34
COOS_Transparent,docs/requires/requirement_list.md,3.1.4 デバッグ・運用,109
CSPCommunication,docs/components/core/os_coos.md,1. コンセプト,3
CSPCommunication,docs/components/core/os_coos.md,3. 静的モデル,18
CSPCommunication,docs/components/core/os_coos.md,3.2 内部ブロック図,26
CSPCommunication,docs/components/core/os_scheduler.md,1. コンセプト,3
CSPCommunication,docs/components/core/system_syscall.md,5. システムコールID,84
CSPCommunication,docs/components/core/system_syscall.md,5.1. カテゴリ一覧,87
CSPCommunication,docs/components/core/system_syscall.md,5.6. IPC (`0x40`-`0x4F`),141
CSPCommunication,docs/requires/requirement_list.md,3. 命題リスト,32
CSPCommunication,docs/requires/requirement_list.md,3.1 機能要求,34
CSPCommunication,docs/requires/requirement_list.md,3.1.2 タスク管理・通信 (COOS),64
CSP_Handoff,docs/components/core/os_coos.md,3. 静的モデル,18
CSP_Handoff,docs/components/core/os_coos.md,4. 動的モデル,84
CSP_Handoff,docs/components/core/os_coos.md,4.1 アルゴリズム,86
CSP_Handoff,docs/components/core/os_coos.md,4.2 状態遷移図 (SMD: COOS システムレベル),107
CSP_Handoff,docs/components/core/os_coos.md,6. 形式検証（TLA+ / 直交表）,239
CSP_Handoff,docs/components/interface/ipc_router.md,5. インターフェイス定義,368
CSP_Handoff,docs/components/interface/ipc_router.md,5.1 公開API,370
CSP_Handoff,docs/requires/requirement_list.md,3. 命題リスト,32
CSP_Handoff,docs/requires/requirement_list.md,3.1 機能要求,34
CSP_Handoff,docs/requires/requirement_list.md,3.1.2 タスク管理・通信 (COOS),64
Challenge_ApproximateYield,docs/components/runtime/runtime_interpreter.md,4. 動的モデル,104
Challenge_ApproximateYield,docs/components/runtime/runtime_interpreter.md,4.1 アルゴリズム,106
Challenge_ApproximateYield,docs/components/runtime/runtime_interpreter.md,4.2 状態遷移図,120
Challenge_ApproximateYield,docs/components/runtime/runtime_vsoc.md,4. 動的モデル,82
Challenge_ApproximateYield,docs/components/runtime/runtime_vsoc.md,4.1 アルゴリズム,84
Challenge_ApproximateYield,docs/components/runtime/runtime_vsoc.md,4.2 状態遷移図 (SysML SMD: vSoC Engine ライフサイクル),95
Challenge_ApproximateYield,docs/components/runtime/runtime_vsoc.md,4.2.1 Safepoint と JIT キャッシュ協調モデル,169
Challenge_ApproximateYield,docs/requires/requirement_list.md,4. 設計課題・制約追跡 (Design Challenges & ADRs),178
Challenge_CoosBlockedList,docs/components/core/os_scheduler.md,5. インターフェイス設計,110
Challenge_CoosBlockedList,docs/components/core/os_scheduler.md,ADR-SCHED-003: BLOCKEDタスクリストの管理コストとリアルタイム性,208
Challenge_CoosBlockedList,docs/components/core/os_scheduler.md,タスク生成 (`spawn`),129
Challenge_CoosBlockedList,docs/requires/requirement_list.md,4. 設計課題・制約追跡 (Design Challenges & ADRs),178
Challenge_CspHandoffStarvation,docs/components/core/os_coos.md,6. 形式検証（TLA+ / 直交表）,239
Challenge_CspHandoffStarvation,docs/components/interface/ipc_router.md,4. 動的モデル,95
Challenge_CspHandoffStarvation,docs/components/interface/ipc_router.md,4.1 アルゴリズム,97
Challenge_CspHandoffStarvation,docs/components/interface/ipc_router.md,4.2 状態遷移図 (SysML SMD: IPC Router ルーティングフロー),160
Challenge_CspHandoffStarvation,docs/components/interface/ipc_router.md,4.2.1 所有権移譲状態機械 (Ownership Transfer State Machine),220
Challenge_CspHandoffStarvation,docs/components/interface/ipc_router.md,4.3.2 CSP Handoff スターベーション防止対策,287
Challenge_CspHandoffStarvation,docs/components/interface/ipc_router.md,6. 形式検証（TLA+ / 直交表）,416
Challenge_CspHandoffStarvation,docs/components/interface/ipc_router.md,6.1 検証対象の不変条件,418
Challenge_CspHandoffStarvation,docs/components/interface/ipc_router.md,6.2 検証対象のプロパティ,429
Challenge_CspHandoffStarvation,docs/requires/requirement_list.md,4. 設計課題・制約追跡 (Design Challenges & ADRs),178
Challenge_DebuggerResource,docs/components/core/system_config_details.md,2. マクロ一覧,7
Challenge_DebuggerResource,docs/components/core/system_config_details.md,2.6 デバッガ,93
Challenge_DebuggerResource,docs/components/core/system_config_details.md,2.7 型定義・予約値,100
Challenge_DebuggerResource,docs/requires/requirement_list.md,4. 設計課題・制約追跡 (Design Challenges & ADRs),178
Challenge_InterruptSafety,docs/components/platform/platform_hal.md,1. コンセプト,3
Challenge_InterruptSafety,docs/components/platform/platform_hal.md,6.3 安全性制約と方策,204
Challenge_InterruptSafety,docs/components/runtime/runtime_vsoc.md,4. 動的モデル,82
Challenge_InterruptSafety,docs/components/runtime/runtime_vsoc.md,4.2.1 Safepoint と JIT キャッシュ協調モデル,169
Challenge_InterruptSafety,docs/components/runtime/runtime_vsoc.md,Safepoint の動作メカニズム,174
Challenge_InterruptSafety,docs/requires/requirement_list.md,4. 設計課題・制約追跡 (Design Challenges & ADRs),178
Challenge_JITCacheEfficiency,docs/components/runtime/runtime_vsoc.md,4. 動的モデル,82
Challenge_JITCacheEfficiency,docs/components/runtime/runtime_vsoc.md,4.2 状態遷移図 (SysML SMD: vSoC Engine ライフサイクル),95
Challenge_JITCacheEfficiency,docs/components/runtime/runtime_vsoc.md,4.2.1 Safepoint と JIT キャッシュ協調モデル,169
Challenge_JITCacheEfficiency,docs/components/runtime/runtime_vsoc.md,6. 形式検証（TLA+ / 直交表）,396
Challenge_JITCacheEfficiency,docs/components/runtime/runtime_vsoc.md,6.1 検証対象の不変条件,398
Challenge_JITCacheEfficiency,docs/components/runtime/runtime_vsoc.md,6.2 検証対象のプロパティ,409
Challenge_JITCacheEfficiency,docs/components/runtime/runtime_vsoc.md,Active/Old ダブルバッファとキャッシュローテーション,198
Challenge_JITCacheEfficiency,docs/components/runtime/runtime_vsoc.md,WASM実行およびJIT遷移シーケンス,249
Challenge_JITCacheEfficiency,docs/requires/requirement_list.md,4. 設計課題・制約追跡 (Design Challenges & ADRs),178
Challenge_SyscallMemorySafety,docs/components/core/system_syscall.md,9. メモリ安全性,287
Challenge_SyscallMemorySafety,docs/requires/requirement_list.md,4. 設計課題・制約追跡 (Design Challenges & ADRs),178
Challenge_WasiFdWriteLoop,docs/components/core/system_syscall.md,7. WASIホスト側実装,242
Challenge_WasiFdWriteLoop,docs/requires/requirement_list.md,4. 設計課題・制約追跡 (Design Challenges & ADRs),178
CleanArchitecture,docs/components/interface/interface_wit.md,2. アーキテクチャ原則,8
CleanArchitecture,docs/requires/requirement_list.md,3. 命題リスト,32
CleanArchitecture,docs/requires/requirement_list.md,3.2.1 パフォーマンス・効率,136
CleanArchitecture,docs/requires/requirement_list.md,3.2.2 開発方針・品質,152
ConceptHarnessDI,docs/components/core/os_scheduler.md,5. インターフェイス設計,110
ConceptHarnessDI,docs/components/core/os_scheduler.md,初期化 (`init-scheduler`),115
ConceptHarnessDI,docs/requires/requirement_list.md,3. 命題リスト,32
ConceptHarnessDI,docs/requires/requirement_list.md,3.1 機能要求,34
ConsolidatedHeap,docs/components/interface/system_service.md,6. 制約達成の方策,205
ConsolidatedHeap,docs/components/platform/platform_memory.md,1. コンセプト,3
ConsolidatedHeap,docs/requires/requirement_list.md,3. 命題リスト,32
ConsolidatedHeap,docs/requires/requirement_list.md,3.2.1 パフォーマンス・効率,136
ContextPointerRegister,docs/components/runtime/runtime_interpreter.md,3. 静的モデル,11
ContextPointerRegister,docs/components/runtime/runtime_interpreter.md,コールフレーム（call_frame）,62
ContextPointerRegister,docs/components/runtime/runtime_interpreter.md,制御フレーム（control_frame）,74
ContextPointerRegister,docs/components/runtime/runtime_interpreter.md,実行コンテキスト（execution_context）,46
ContextPointerRegister,docs/requires/requirement_list.md,3. 命題リスト,32
ContextPointerRegister,docs/requires/requirement_list.md,3.2.1 パフォーマンス・効率,136
CooperativeMultitasking,docs/components/core/os_coos.md,1. コンセプト,3
CooperativeMultitasking,docs/components/core/os_scheduler.md,1. コンセプト,3
CooperativeMultitasking,docs/components/core/os_scheduler.md,5. インターフェイス設計,110
CooperativeMultitasking,docs/components/core/os_scheduler.md,タスク生成（spawn_task - ネイティブタスク用）,144
CooperativeMultitasking,docs/components/core/system_syscall.md,5. システムコールID,84
CooperativeMultitasking,docs/components/core/system_syscall.md,5.2. System (`0x00`-`0x0F`),100
CooperativeMultitasking,docs/components/core/system_syscall.md,5.5. IRQ (`0x30`-`0x3F`),130
CooperativeMultitasking,docs/components/interface/interface_wit.md,3. 共通データ構造,15
CooperativeMultitasking,docs/components/interface/interface_wit.md,3.1 基礎インターフェイス,17
CooperativeMultitasking,docs/requires/requirement_list.md,3. 命題リスト,32
CooperativeMultitasking,docs/requires/requirement_list.md,3.1 機能要求,34
CooperativeMultitasking,docs/requires/requirement_list.md,3.1.2 タスク管理・通信 (COOS),64
Debug_Integrated,docs/components/runtime/debug/debug_manager.md,1. コンセプト,3
Debug_Integrated,docs/components/runtime/runtime_interpreter.md,4. 動的モデル,104
Debug_Integrated,docs/components/runtime/runtime_interpreter.md,4.1 アルゴリズム,106
Debug_Integrated,docs/components/runtime/runtime_interpreter.md,4.2 状態遷移図,120
Debug_Integrated,docs/components/runtime/runtime_vsoc.md,4. 動的モデル,82
Debug_Integrated,docs/components/runtime/runtime_vsoc.md,4.2.1 Safepoint と JIT キャッシュ協調モデル,169
Debug_Integrated,docs/components/runtime/runtime_vsoc.md,Debugger 介入時のキャッシュ一貫性,226
Debug_Integrated,docs/requires/requirement_list.md,3. 命題リスト,32
Debug_Integrated,docs/requires/requirement_list.md,3.1 機能要求,34
Debug_Integrated,docs/requires/requirement_list.md,3.1.4 デバッグ・運用,109
Debug_Standard_Env,docs/components/runtime/debug/debug_manager.md,1. コンセプト,3
Debug_Standard_Env,docs/components/runtime/debug/debug_manager.md,5. インターフェイス定義,95
Debug_Standard_Env,docs/components/runtime/debug/debug_manager.md,5.1 公開API,97
Debug_Standard_Env,docs/components/runtime/debug/debug_manager.md,デバッガ接続 (`attach`),101
Debug_Standard_Env,docs/requires/requirement_list.md,3. 命題リスト,32
Debug_Standard_Env,docs/requires/requirement_list.md,3.1 機能要求,34
Debug_Standard_Env,docs/requires/requirement_list.md,3.1.4 デバッグ・運用,109
DebuggerLabelTableSwitch,docs/components/runtime/debug/debug_manager.md,1. コンセプト,3
DebuggerLabelTableSwitch,docs/components/runtime/debug/debug_manager.md,6. 制約達成の方策,136
DebuggerLabelTableSwitch,docs/components/runtime/debug/debug_manager.md,6.1 性能制約と方策,138
DebuggerLabelTableSwitch,docs/requires/requirement_list.md,3. 命題リスト,32
DebuggerLabelTableSwitch,docs/requires/requirement_list.md,3.1 機能要求,34
DebuggerLabelTableSwitch,docs/requires/requirement_list.md,3.1.4 デバッグ・運用,109
Debugger_Jit_Flush,docs/components/runtime/runtime_vsoc.md,4. 動的モデル,82
Debugger_Jit_Flush,docs/components/runtime/runtime_vsoc.md,4.1 アルゴリズム,84
Debugger_Jit_Flush,docs/components/runtime/runtime_vsoc.md,4.2 状態遷移図 (SysML SMD: vSoC Engine ライフサイクル),95
Debugger_Jit_Flush,docs/components/runtime/runtime_vsoc.md,4.2.1 Safepoint と JIT キャッシュ協調モデル,169
Debugger_Jit_Flush,docs/components/runtime/runtime_vsoc.md,6. 形式検証（TLA+ / 直交表）,396
Debugger_Jit_Flush,docs/components/runtime/runtime_vsoc.md,6.1 検証対象の不変条件,398
Debugger_Jit_Flush,docs/components/runtime/runtime_vsoc.md,6.2 検証対象のプロパティ,409
Debugger_Jit_Flush,docs/components/runtime/runtime_vsoc.md,Debugger 介入時のキャッシュ一貫性,226
Debugger_Jit_Flush,docs/requires/requirement_list.md,3. 命題リスト,32
Debugger_Jit_Flush,docs/requires/requirement_list.md,3.1 機能要求,34
DictionaryBasedIPC,docs/components/core/system_logging.md,1. コンセプト,3
DictionaryBasedIPC,docs/components/core/system_logging.md,4. 動的モデル,55
DictionaryBasedIPC,docs/components/core/system_logging.md,4.1 アルゴリズム,57
DictionaryBasedIPC,docs/components/core/system_logging.md,4.2 辞書構造,63
DictionaryBasedIPC,docs/components/core/system_logging.md,4.4 状態遷移図,86
DictionaryBasedIPC,docs/components/core/system_logging.md,5. インターフェイス定義,120
DictionaryBasedIPC,docs/components/interface/ipc_router.md,3. 静的モデル,11
DictionaryBasedIPC,docs/components/interface/ipc_router.md,3.2 内部ブロック図,18
DictionaryBasedIPC,docs/components/interface/ipc_router.md,Key-Valueペア（kv_pair）,50
DictionaryBasedIPC,docs/requires/requirement_list.md,3. 命題リスト,32
DictionaryBasedIPC,docs/requires/requirement_list.md,3.1 機能要求,34
DictionaryBasedIPC,docs/requires/requirement_list.md,3.1.3 システム連携 (IPC/HAL/WIT),81
DirectContextSwitch,docs/components/core/os_coos.md,3. 静的モデル,18
DirectContextSwitch,docs/components/core/os_coos.md,4. 動的モデル,84
DirectContextSwitch,docs/components/core/os_coos.md,4.1 アルゴリズム,86
DirectContextSwitch,docs/components/core/os_coos.md,4.2 状態遷移図 (SMD: COOS システムレベル),107
DirectContextSwitch,docs/requires/requirement_list.md,3. 命題リスト,32
DirectContextSwitch,docs/requires/requirement_list.md,3.1 機能要求,34
DirectContextSwitch,docs/requires/requirement_list.md,3.1.2 タスク管理・通信 (COOS),64
DynamicMmap,docs/components/runtime/runtime_vmmio.md,1. コンセプト,3
DynamicMmap,docs/requires/requirement_list.md,3. 命題リスト,32
DynamicMmap,docs/requires/requirement_list.md,3.1 機能要求,34
DynamicMmap,docs/requires/requirement_list.md,3.1.1 WASM実行 (vSoC),36
EliminateDataRace,docs/components/core/os_coos.md,1. コンセプト,3
EliminateDataRace,docs/requires/requirement_list.md,3. 命題リスト,32
EliminateDataRace,docs/requires/requirement_list.md,3.2.1 パフォーマンス・効率,136
EliminateDataRace,docs/requires/requirement_list.md,3.2.2 開発方針・品質,152
EnvironmentPointer,docs/components/runtime/runtime_interpreter.md,1. コンセプト,3
EnvironmentPointer,docs/components/runtime/runtime_interpreter.md,3. 静的モデル,11
EnvironmentPointer,docs/components/runtime/runtime_interpreter.md,コールフレーム（call_frame）,62
EnvironmentPointer,docs/components/runtime/runtime_interpreter.md,制御フレーム（control_frame）,74
EnvironmentPointer,docs/components/runtime/runtime_interpreter.md,実行コンテキスト（execution_context）,46
EnvironmentPointer,docs/components/runtime/runtime_vsoc.md,1. コンセプト,3
EnvironmentPointer,docs/requires/requirement_list.md,3. 命題リスト,32
EnvironmentPointer,docs/requires/requirement_list.md,3.1 機能要求,34
EnvironmentPointer,docs/requires/requirement_list.md,3.1.1 WASM実行 (vSoC),36
Errorcode_To_Strategy,docs/components/core/system_syscall.md,4. `fireball_call` 呼び出し規約,48
Errorcode_To_Strategy,docs/components/interface/interface_wit.md,3. 共通データ構造,15
Errorcode_To_Strategy,docs/components/interface/interface_wit.md,3.1 基礎インターフェイス,17
Errorcode_To_Strategy,docs/requires/requirement_list.md,3. 命題リスト,32
Errorcode_To_Strategy,docs/requires/requirement_list.md,3.1 機能要求,34
Errorcode_To_Strategy,docs/requires/requirement_list.md,3.1.3 システム連携 (IPC/HAL/WIT),81
FastAddressCheck,docs/components/core/system_config_details.md,2. マクロ一覧,7
FastAddressCheck,docs/components/core/system_config_details.md,2.3 HAL,49
FastAddressCheck,docs/components/core/system_config_details.md,2.4 vSoC / vMMIO,57
FastAddressCheck,docs/components/core/system_config_details.md,2.6 デバッガ,93
FastAddressCheck,docs/components/core/system_config_details.md,2.7 型定義・予約値,100
FastAddressCheck,docs/components/runtime/runtime_vmmio.md,1. コンセプト,3
FastAddressCheck,docs/components/runtime/runtime_vmmio.md,6. 制約達成の方策,541
FastAddressCheck,docs/components/runtime/runtime_vmmio.md,6.1 性能制約と方策,543
FastAddressCheck,docs/requires/requirement_list.md,3. 命題リスト,32
FastAddressCheck,docs/requires/requirement_list.md,3.1 機能要求,34
FastAddressCheck,docs/requires/requirement_list.md,3.1.1 WASM実行 (vSoC),36
Fast_Path_GPIO,docs/components/core/system_syscall.md,6. Fireball Shim (`libfireball_shim`),213
Fast_Path_GPIO,docs/components/platform/platform_hal.md,1. コンセプト,3
Fast_Path_GPIO,docs/components/runtime/runtime_vmmio.md,1. コンセプト,3
Fast_Path_GPIO,docs/requires/requirement_list.md,3. 命題リスト,32
Fast_Path_GPIO,docs/requires/requirement_list.md,3.1 機能要求,34
Fast_Path_GPIO,docs/requires/requirement_list.md,3.1.3 システム連携 (IPC/HAL/WIT),81
GLOBAL_ComponentHarness,docs/components/core/os_coos.md,1. コンセプト,3
GLOBAL_ComponentHarness,docs/components/core/os_coos.md,2. アーキテクチャ分類,7
GLOBAL_ComponentHarness,docs/components/core/os_coos.md,4. 動的モデル,84
GLOBAL_ComponentHarness,docs/components/core/os_coos.md,5. インターフェイス設計,181
GLOBAL_ComponentHarness,docs/components/core/os_coos.md,5.1 `coos_harness` (システムハーネス),185
GLOBAL_ComponentHarness,docs/components/jit/jit_compiler.md,2. アーキテクチャ分類,7
GLOBAL_ComponentHarness,docs/components/runtime/runtime_vsoc.md,2. アーキテクチャ分類,7
GLOBAL_ComponentHarness,docs/requires/requirement_list.md,3. 命題リスト,32
GLOBAL_ComponentHarness,docs/requires/requirement_list.md,3.2.1 パフォーマンス・効率,136
GLOBAL_ComponentHarness,docs/requires/requirement_list.md,3.2.2 開発方針・品質,152
GLOBAL_IdleDetection,docs/components/core/os_coos.md,1. コンセプト,3
GLOBAL_IdleDetection,docs/components/core/os_coos.md,3. 静的モデル,18
GLOBAL_IdleDetection,docs/components/core/os_coos.md,4. 動的モデル,84
GLOBAL_IdleDetection,docs/components/core/os_coos.md,4.1 アルゴリズム,86
GLOBAL_IdleDetection,docs/components/core/os_coos.md,4.2 状態遷移図 (SMD: COOS システムレベル),107
GLOBAL_IdleDetection,docs/components/core/os_scheduler.md,4. 動的モデル,53
GLOBAL_IdleDetection,docs/components/core/os_scheduler.md,4.1 アルゴリズム,55
GLOBAL_IdleDetection,docs/components/core/system_logging.md,1. コンセプト,3
GLOBAL_IdleDetection,docs/components/core/system_logging.md,4. 動的モデル,55
GLOBAL_IdleDetection,docs/components/core/system_logging.md,4.3 COOS Idle Hook 連携 (Flush Protocol),75
GLOBAL_IdleDetection,docs/components/core/system_logging.md,4.4 状態遷移図,86
GLOBAL_IdleDetection,docs/components/jit/jit_compiler.md,1. コンセプト,3
GLOBAL_IdleDetection,docs/components/jit/jit_compiler.md,4. 動的モデル,110
GLOBAL_IdleDetection,docs/components/jit/jit_compiler.md,4.1 アルゴリズム,112
GLOBAL_IdleDetection,docs/components/jit/jit_compiler.md,4.2 状態遷移図,165
GLOBAL_IdleDetection,docs/requires/requirement_list.md,3. 命題リスト,32
GLOBAL_IdleDetection,docs/requires/requirement_list.md,3.1 機能要求,34
GLOBAL_IdleDetection,docs/requires/requirement_list.md,3.1.2 タスク管理・通信 (COOS),64
GLOBAL_IndependentHeap,docs/components/core/os_coos.md,3. 静的モデル,18
GLOBAL_IndependentHeap,docs/components/core/os_coos.md,4. 動的モデル,84
GLOBAL_IndependentHeap,docs/components/core/os_coos.md,4.1 アルゴリズム,86
GLOBAL_IndependentHeap,docs/components/core/os_coos.md,4.2 状態遷移図 (SMD: COOS システムレベル),107
GLOBAL_IndependentHeap,docs/components/core/system_config_details.md,1. 概要,3
GLOBAL_IndependentHeap,docs/components/core/system_config_details.md,2. マクロ一覧,7
GLOBAL_IndependentHeap,docs/components/core/system_config_details.md,2.1 メモリ管理,10
GLOBAL_IndependentHeap,docs/components/core/system_config_details.md,2.6 デバッガ,93
GLOBAL_IndependentHeap,docs/components/core/system_config_details.md,2.7 型定義・予約値,100
GLOBAL_IndependentHeap,docs/components/platform/platform_memory.md,1. コンセプト,3
GLOBAL_IndependentHeap,docs/components/runtime/runtime_vsoc.md,7. 制約達成の方策,448
GLOBAL_IndependentHeap,docs/requires/requirement_list.md,3. 命題リスト,32
GLOBAL_IndependentHeap,docs/requires/requirement_list.md,3.2.1 パフォーマンス・効率,136
GLOBAL_InterruptWakeup,docs/components/core/os_coos.md,1. コンセプト,3
GLOBAL_InterruptWakeup,docs/components/core/os_coos.md,3. 静的モデル,18
GLOBAL_InterruptWakeup,docs/components/core/os_coos.md,4. 動的モデル,84
GLOBAL_InterruptWakeup,docs/components/core/os_coos.md,4.1 アルゴリズム,86
GLOBAL_InterruptWakeup,docs/components/core/os_scheduler.md,4. 動的モデル,53
GLOBAL_InterruptWakeup,docs/components/core/os_scheduler.md,4.1 アルゴリズム,55
GLOBAL_InterruptWakeup,docs/components/platform/platform_hal.md,4. 動的モデル,54
GLOBAL_InterruptWakeup,docs/components/platform/platform_hal.md,4.1 アルゴリズム,56
GLOBAL_InterruptWakeup,docs/components/platform/platform_hal.md,4.2 状態遷移図,62
GLOBAL_InterruptWakeup,docs/requires/requirement_list.md,3. 命題リスト,32
GLOBAL_InterruptWakeup,docs/requires/requirement_list.md,3.1 機能要求,34
GLOBAL_InterruptWakeup,docs/requires/requirement_list.md,3.1.2 タスク管理・通信 (COOS),64
GLOBAL_PeriodicTask,docs/components/core/os_coos.md,1. コンセプト,3
GLOBAL_PeriodicTask,docs/components/core/os_scheduler.md,4. 動的モデル,53
GLOBAL_PeriodicTask,docs/components/core/os_scheduler.md,4.1 アルゴリズム,55
GLOBAL_PeriodicTask,docs/components/jit/jit_compiler.md,1. コンセプト,3
GLOBAL_PeriodicTask,docs/components/jit/jit_compiler.md,4. 動的モデル,110
GLOBAL_PeriodicTask,docs/components/jit/jit_compiler.md,4.1 アルゴリズム,112
GLOBAL_PeriodicTask,docs/components/jit/jit_compiler.md,4.2 状態遷移図,165
GLOBAL_PeriodicTask,docs/components/jit/jit_runtime_hotspot.md,1. コンセプト,3
GLOBAL_PeriodicTask,docs/requires/requirement_list.md,3. 命題リスト,32
GLOBAL_PeriodicTask,docs/requires/requirement_list.md,3.1 機能要求,34
GLOBAL_PeriodicTask,docs/requires/requirement_list.md,3.1.2 タスク管理・通信 (COOS),64
GLOBAL_Policy_Memory,docs/components/core/os_coos.md,3. 静的モデル,18
GLOBAL_Policy_Memory,docs/components/core/os_coos.md,3.1 データ構造,20
GLOBAL_Policy_Memory,docs/components/core/os_coos.md,3.2 内部ブロック図,26
GLOBAL_Policy_Memory,docs/components/core/os_scheduler.md,6. 設計判断 (ADR),196
GLOBAL_Policy_Memory,docs/components/core/os_scheduler.md,ADR-SCHED-001: 侵入型リストによる管理,198
GLOBAL_Policy_Memory,docs/components/platform/platform_memory.md,1. コンセプト,3
GLOBAL_Policy_Memory,docs/components/platform/platform_memory.md,4. インターフェイス設計,20
GLOBAL_Policy_Memory,docs/components/platform/platform_memory.md,6. 所有権追跡,77
GLOBAL_Policy_Memory,docs/components/platform/platform_memory.md,初期化,23
GLOBAL_Policy_Memory,docs/requires/requirement_list.md,3. 命題リスト,32
GLOBAL_Policy_Memory,docs/requires/requirement_list.md,3.2.1 パフォーマンス・効率,136
GLOBAL_StaticScalability,docs/components/core/system_config.md,6. 制約達成の方策,92
GLOBAL_StaticScalability,docs/components/core/system_config_details.md,2. マクロ一覧,7
GLOBAL_StaticScalability,docs/components/core/system_config_details.md,2.1 メモリ管理,10
GLOBAL_StaticScalability,docs/components/core/system_config_details.md,2.2 IPCルータ,20
GLOBAL_StaticScalability,docs/components/core/system_config_details.md,2.6 デバッガ,93
GLOBAL_StaticScalability,docs/components/core/system_config_details.md,2.7 型定義・予約値,100
GLOBAL_StaticScalability,docs/components/core/system_config_details.md,最大タスク数のコンパイル時検証,120
GLOBAL_StaticScalability,docs/components/core/system_config_details.md,最大タスク数制約,113
GLOBAL_StaticScalability,docs/components/interface/ipc_router.md,7. 制約達成の方策,467
GLOBAL_StaticScalability,docs/components/jit/jit_compiler.md,3. 静的モデル,11
GLOBAL_StaticScalability,docs/components/jit/jit_compiler.md,3.3 主要なクラス・構造体・配列・定数,56
GLOBAL_StaticScalability,docs/requires/requirement_list.md,3. 命題リスト,32
GLOBAL_StaticScalability,docs/requires/requirement_list.md,3.2.1 パフォーマンス・効率,136
GLOBAL_StaticScalability,docs/requires/requirement_list.md,3.2.2 開発方針・品質,152
GLOBAL_StrictMemoryLimit,docs/components/core/os_coos.md,3. 静的モデル,18
GLOBAL_StrictMemoryLimit,docs/components/core/os_coos.md,4. 動的モデル,84
GLOBAL_StrictMemoryLimit,docs/components/core/os_coos.md,4.1 アルゴリズム,86
GLOBAL_StrictMemoryLimit,docs/components/core/os_coos.md,4.2 状態遷移図 (SMD: COOS システムレベル),107
GLOBAL_StrictMemoryLimit,docs/components/core/system_config_details.md,1. 概要,3
GLOBAL_StrictMemoryLimit,docs/components/core/system_config_details.md,2. マクロ一覧,7
GLOBAL_StrictMemoryLimit,docs/components/core/system_config_details.md,2.1 メモリ管理,10
GLOBAL_StrictMemoryLimit,docs/components/core/system_config_details.md,2.3 HAL,49
GLOBAL_StrictMemoryLimit,docs/components/core/system_config_details.md,2.4 vSoC / vMMIO,57
GLOBAL_StrictMemoryLimit,docs/components/core/system_config_details.md,2.6 デバッガ,93
GLOBAL_StrictMemoryLimit,docs/components/core/system_config_details.md,2.7 型定義・予約値,100
GLOBAL_StrictMemoryLimit,docs/components/platform/platform_memory.md,4. インターフェイス設計,20
GLOBAL_StrictMemoryLimit,docs/components/platform/platform_memory.md,5. 制約と不変条件,68
GLOBAL_StrictMemoryLimit,docs/components/platform/platform_memory.md,初期化,23
GLOBAL_StrictMemoryLimit,docs/requires/requirement_list.md,3. 命題リスト,32
GLOBAL_StrictMemoryLimit,docs/requires/requirement_list.md,3.2.1 パフォーマンス・効率,136
GLOBAL_UseCpp20Coroutine,docs/components/core/os_coos.md,1. コンセプト,3
GLOBAL_UseCpp20Coroutine,docs/components/core/os_coos.md,6. 形式検証（TLA+ / 直交表）,239
GLOBAL_UseCpp20Coroutine,docs/components/core/os_scheduler.md,1. コンセプト,3
GLOBAL_UseCpp20Coroutine,docs/components/core/os_scheduler.md,5. インターフェイス設計,110
GLOBAL_UseCpp20Coroutine,docs/components/core/os_scheduler.md,タスク生成（spawn_task - ネイティブタスク用）,144
GLOBAL_UseCpp20Coroutine,docs/requires/requirement_list.md,3. 命題リスト,32
GLOBAL_UseCpp20Coroutine,docs/requires/requirement_list.md,3.1 機能要求,34
GLOBAL_UseCpp20Coroutine,docs/requires/requirement_list.md,3.1.2 タスク管理・通信 (COOS),64
GLOBAL_UseCpp23Library,docs/components/core/os_coos.md,1. コンセプト,3
GLOBAL_UseCpp23Library,docs/components/core/os_scheduler.md,1. コンセプト,3
GLOBAL_UseCpp23Library,docs/requires/requirement_list.md,3. 命題リスト,32
GLOBAL_UseCpp23Library,docs/requires/requirement_list.md,3.1 機能要求,34
GLOBAL_UseCpp23Library,docs/requires/requirement_list.md,3.1.2 タスク管理・通信 (COOS),64
HAL_Interface,docs/components/platform/platform_hal.md,5. インターフェイス定義,92
HAL_Interface,docs/components/platform/platform_hal.md,5.1 公開API,94
HAL_Interface,docs/components/platform/platform_hal.md,データの書き込み (write),110
HAL_Interface,docs/components/platform/platform_hal.md,データの読み出し,98
HAL_Interface,docs/requires/requirement_list.md,3. 命題リスト,32
HAL_Interface,docs/requires/requirement_list.md,3.1 機能要求,34
HAL_Interface,docs/requires/requirement_list.md,3.1.3 システム連携 (IPC/HAL/WIT),81
HistoryBuffer,docs/components/jit/jit_runtime_hotspot.md,1. コンセプト,3
HistoryBuffer,docs/requires/requirement_list.md,3. 命題リスト,32
HistoryBuffer,docs/requires/requirement_list.md,3.1 機能要求,34
IPCDI,docs/components/interface/ipc_router.md,1. コンセプト,3
IPCDI,docs/requires/requirement_list.md,3. 命題リスト,32
IPCDI,docs/requires/requirement_list.md,3.1 機能要求,34
IPCDI,docs/requires/requirement_list.md,3.1.3 システム連携 (IPC/HAL/WIT),81
IPCRegistry,docs/components/interface/ipc_router.md,3. 静的モデル,11
IPCRegistry,docs/components/interface/ipc_router.md,3.1 データ構造,13
IPCRegistry,docs/components/interface/ipc_router.md,3.2 内部ブロック図,18
IPCRegistry,docs/requires/requirement_list.md,3. 命題リスト,32
IPCRegistry,docs/requires/requirement_list.md,3.1 機能要求,34
IPCRegistry,docs/requires/requirement_list.md,3.1.3 システム連携 (IPC/HAL/WIT),81
IPCRouter,docs/components/core/system_logging.md,1. コンセプト,3
IPCRouter,docs/components/interface/ipc_router.md,1. コンセプト,3
IPCRouter,docs/components/interface/ipc_router.md,2. アーキテクチャ分類,7
IPCRouter,docs/components/interface/ipc_router.md,4. 動的モデル,95
IPCRouter,docs/components/interface/ipc_router.md,サービス検索と接続フロー,296
IPCRouter,docs/components/interface/system_service.md,1. コンセプト,3
IPCRouter,docs/components/interface/system_service.md,2. アーキテクチャ分類,7
IPCRouter,docs/components/interface/system_service.md,4. 動的モデル,48
IPCRouter,docs/components/interface/system_service.md,4.1 アルゴリズム,50
IPCRouter,docs/components/interface/system_service.md,4.2 状態遷移図,55
IPCRouter,docs/components/interface/system_service.md,4.3 内部シーケンス,68
IPCRouter,docs/components/interface/system_service.md,6. 制約達成の方策,205
IPCRouter,docs/components/interface/system_service.md,6.1 性能制約と方策,207
IPCRouter,docs/components/platform/platform_hal.md,1. コンセプト,3
IPCRouter,docs/components/platform/platform_hal.md,2. アーキテクチャ分類,7
IPCRouter,docs/requires/requirement_list.md,3. 命題リスト,32
IPCRouter,docs/requires/requirement_list.md,3.1 機能要求,34
IPCRouter,docs/requires/requirement_list.md,3.1.3 システム連携 (IPC/HAL/WIT),81
IPC_DropHandler,docs/components/interface/ipc_router.md,4. 動的モデル,95
IPC_DropHandler,docs/components/interface/ipc_router.md,4.1 アルゴリズム,97
IPC_DropHandler,docs/components/interface/ipc_router.md,4.2 状態遷移図 (SysML SMD: IPC Router ルーティングフロー),160
IPC_DropHandler,docs/components/interface/ipc_router.md,4.2.1 所有権移譲状態機械 (Ownership Transfer State Machine),220
IPC_DropHandler,docs/components/interface/ipc_router.md,4.3 メッセージライフサイクルと所有権管理 (SysML Parametric Diagram 相当),265
IPC_DropHandler,docs/components/interface/ipc_router.md,4.3.2 CSP Handoff スターベーション防止対策,287
IPC_DropHandler,docs/components/interface/ipc_router.md,6. 形式検証（TLA+ / 直交表）,416
IPC_DropHandler,docs/components/interface/ipc_router.md,6.1 検証対象の不変条件,418
IPC_DropHandler,docs/components/interface/ipc_router.md,6.2 検証対象のプロパティ,429
IPC_DropHandler,docs/requires/requirement_list.md,3. 命題リスト,32
IPC_DropHandler,docs/requires/requirement_list.md,3.1 機能要求,34
IPC_HandleBased,docs/components/core/system_syscall.md,5. システムコールID,84
IPC_HandleBased,docs/components/core/system_syscall.md,5.1. カテゴリ一覧,87
IPC_HandleBased,docs/components/core/system_syscall.md,5.6. IPC (`0x40`-`0x4F`),141
IPC_HandleBased,docs/components/interface/ipc_router.md,5. インターフェイス定義,368
IPC_HandleBased,docs/components/interface/ipc_router.md,5.1 公開API,370
IPC_HandleBased,docs/components/interface/ipc_router.md,サービス検索（lookup_service）,384
IPC_HandleBased,docs/requires/requirement_list.md,3. 命題リスト,32
IPC_HandleBased,docs/requires/requirement_list.md,3.1 機能要求,34
IPC_HandleBased,docs/requires/requirement_list.md,3.1.3 システム連携 (IPC/HAL/WIT),81
IPC_ZeroCopy,docs/components/interface/ipc_router.md,4. 動的モデル,95
IPC_ZeroCopy,docs/components/interface/ipc_router.md,4.1 アルゴリズム,97
IPC_ZeroCopy,docs/components/interface/ipc_router.md,4.2 状態遷移図 (SysML SMD: IPC Router ルーティングフロー),160
IPC_ZeroCopy,docs/components/interface/ipc_router.md,4.2.1 所有権移譲状態機械 (Ownership Transfer State Machine),220
IPC_ZeroCopy,docs/components/interface/ipc_router.md,4.3 メッセージライフサイクルと所有権管理 (SysML Parametric Diagram 相当),265
IPC_ZeroCopy,docs/components/interface/ipc_router.md,4.3.2 CSP Handoff スターベーション防止対策,287
IPC_ZeroCopy,docs/components/interface/ipc_router.md,6. 形式検証（TLA+ / 直交表）,416
IPC_ZeroCopy,docs/components/interface/ipc_router.md,6.1 検証対象の不変条件,418
IPC_ZeroCopy,docs/components/interface/ipc_router.md,6.2 検証対象のプロパティ,429
IPC_ZeroCopy,docs/requires/requirement_list.md,3. 命題リスト,32
IPC_ZeroCopy,docs/requires/requirement_list.md,3.1 機能要求,34
IPC_ZeroCopy,docs/requires/requirement_list.md,3.1.2 タスク管理・通信 (COOS),64
InterpreterContextStackless,docs/components/runtime/runtime_interpreter.md,1. コンセプト,3
InterpreterContextStackless,docs/requires/requirement_list.md,3. 命題リスト,32
InterpreterContextStackless,docs/requires/requirement_list.md,3.1 機能要求,34
InterpreterContextStackless,docs/requires/requirement_list.md,3.1.1 WASM実行 (vSoC),36
Interpreter_LazyJITSwitch,docs/components/runtime/runtime_interpreter.md,4. 動的モデル,104
Interpreter_LazyJITSwitch,docs/components/runtime/runtime_interpreter.md,4.1 アルゴリズム,106
Interpreter_LazyJITSwitch,docs/components/runtime/runtime_interpreter.md,4.2 状態遷移図,120
Interpreter_LazyJITSwitch,docs/components/runtime/runtime_vsoc.md,4. 動的モデル,82
Interpreter_LazyJITSwitch,docs/components/runtime/runtime_vsoc.md,WASM実行およびJIT遷移シーケンス,249
Interpreter_LazyJITSwitch,docs/requires/requirement_list.md,3. 命題リスト,32
Interpreter_LazyJITSwitch,docs/requires/requirement_list.md,3.1 機能要求,34
Interpreter_LazyJITSwitch,docs/requires/requirement_list.md,3.1.1 WASM実行 (vSoC),36
IoC,docs/components/interface/ipc_router.md,5. インターフェイス定義,368
IoC,docs/requires/requirement_list.md,3. 命題リスト,32
IoC,docs/requires/requirement_list.md,3.2.1 パフォーマンス・効率,136
IoC,docs/requires/requirement_list.md,3.2.2 開発方針・品質,152
JIT_CopyAndPatch,docs/components/jit/jit_compiler.md,1. コンセプト,3
JIT_CopyAndPatch,docs/components/jit/jit_compiler.md,4. 動的モデル,110
JIT_CopyAndPatch,docs/components/jit/jit_compiler.md,4.1 アルゴリズム,112
JIT_CopyAndPatch,docs/components/jit/jit_compiler.md,7. 制約達成の方策,313
JIT_CopyAndPatch,docs/components/jit/jit_compiler.md,7.1 性能制約と方策,315
JIT_CopyAndPatch,docs/components/jit/jit_compiler.md,Copy-and-Patch コンパイル手順,114
JIT_CopyAndPatch,docs/components/jit/jit_engine_copy_patch.md,1. コンセプト,3
JIT_CopyAndPatch,docs/components/jit/jit_engine_copy_patch.md,2. アーキテクチャ分類,7
JIT_CopyAndPatch,docs/components/jit/jit_engine_copy_patch.md,6. 制約達成の方策,97
JIT_CopyAndPatch,docs/components/runtime/runtime_vsoc.md,4. 動的モデル,82
JIT_CopyAndPatch,docs/components/runtime/runtime_vsoc.md,4.1 アルゴリズム,84
JIT_CopyAndPatch,docs/components/runtime/runtime_vsoc.md,4.2 状態遷移図 (SysML SMD: vSoC Engine ライフサイクル),95
JIT_CopyAndPatch,docs/components/runtime/runtime_vsoc.md,4.2.1 Safepoint と JIT キャッシュ協調モデル,169
JIT_CopyAndPatch,docs/components/runtime/runtime_vsoc.md,WASM実行およびJIT遷移シーケンス,249
JIT_CopyAndPatch,docs/requires/requirement_list.md,3. 命題リスト,32
JIT_CopyAndPatch,docs/requires/requirement_list.md,3.1 機能要求,34
JIT_CopyAndPatch,docs/requires/requirement_list.md,3.1.1 WASM実行 (vSoC),36
JIT_DoubleBuffer_Cache,docs/components/core/system_config_details.md,2. マクロ一覧,7
JIT_DoubleBuffer_Cache,docs/components/core/system_config_details.md,2.3 HAL,49
JIT_DoubleBuffer_Cache,docs/components/core/system_config_details.md,2.4 vSoC / vMMIO,57
JIT_DoubleBuffer_Cache,docs/components/core/system_config_details.md,2.6 デバッガ,93
JIT_DoubleBuffer_Cache,docs/components/core/system_config_details.md,2.7 型定義・予約値,100
JIT_DoubleBuffer_Cache,docs/components/jit/jit_compiler.md,3. 静的モデル,11
JIT_DoubleBuffer_Cache,docs/components/jit/jit_compiler.md,3.1 データ構造,13
JIT_DoubleBuffer_Cache,docs/components/jit/jit_compiler.md,3.2 内部ブロック図,25
JIT_DoubleBuffer_Cache,docs/components/jit/jit_compiler.md,3.3 主要なクラス・構造体・配列・定数,56
JIT_DoubleBuffer_Cache,docs/components/jit/jit_runtime_entry.md,1. コンセプト,3
JIT_DoubleBuffer_Cache,docs/components/jit/jit_runtime_entry.md,6.2 メモリ制約,109
JIT_DoubleBuffer_Cache,docs/components/runtime/runtime_vsoc.md,7. 制約達成の方策,448
JIT_DoubleBuffer_Cache,docs/requires/requirement_list.md,3. 命題リスト,32
JIT_DoubleBuffer_Cache,docs/requires/requirement_list.md,3.1 機能要求,34
JIT_DoubleBuffer_Cache,docs/requires/requirement_list.md,3.1.1 WASM実行 (vSoC),36
JIT_Encoder,docs/components/jit/jit_assembler_constexpr.md,1. コンセプト,3
JIT_Encoder,docs/components/jit/jit_assembler_constexpr.md,3. 静的モデル,11
JIT_Encoder,docs/components/jit/jit_assembler_constexpr.md,`fireball::arm::add_imm`,43
JIT_Encoder,docs/components/jit/jit_assembler_constexpr.md,`fireball::riscv::i_type`,29
JIT_Encoder,docs/components/jit/jit_compiler.md,1. コンセプト,3
JIT_Encoder,docs/components/jit/jit_compiler.md,5. 検証,222
JIT_Encoder,docs/requires/requirement_list.md,3. 命題リスト,32
JIT_Encoder,docs/requires/requirement_list.md,3.1 機能要求,34
JIT_Encoder,docs/requires/requirement_list.md,3.1.1 WASM実行 (vSoC),36
JIT_LazyChaining,docs/components/jit/jit_compiler.md,4. 動的モデル,110
JIT_LazyChaining,docs/components/jit/jit_compiler.md,4.1 アルゴリズム,112
JIT_LazyChaining,docs/components/jit/jit_compiler.md,4.2 状態遷移図,165
JIT_LazyChaining,docs/components/jit/jit_compiler.md,トレース・チェイニング（連鎖実行）,143
JIT_LazyChaining,docs/components/jit/jit_compiler.md,ホットスポット判定 (yield 時),153
JIT_LazyChaining,docs/requires/requirement_list.md,3. 命題リスト,32
JIT_LazyChaining,docs/requires/requirement_list.md,3.1 機能要求,34
JIT_LazyChaining,docs/requires/requirement_list.md,3.1.1 WASM実行 (vSoC),36
JIT_RegisterMapping,docs/components/jit/jit_compiler.md,7. 制約達成の方策,313
JIT_RegisterMapping,docs/components/jit/jit_compiler.md,7.1 性能制約と方策,315
JIT_RegisterMapping,docs/requires/requirement_list.md,3. 命題リスト,32
JIT_RegisterMapping,docs/requires/requirement_list.md,3.2.1 パフォーマンス・効率,136
JIT_ReverseCompilationOrder,docs/components/jit/jit_compiler.md,4. 動的モデル,110
JIT_ReverseCompilationOrder,docs/components/jit/jit_compiler.md,4.1 アルゴリズム,112
JIT_ReverseCompilationOrder,docs/components/jit/jit_compiler.md,4.2 状態遷移図,165
JIT_ReverseCompilationOrder,docs/requires/requirement_list.md,3. 命題リスト,32
JIT_ReverseCompilationOrder,docs/requires/requirement_list.md,3.1 機能要求,34
JIT_ReverseCompilationOrder,docs/requires/requirement_list.md,3.1.1 WASM実行 (vSoC),36
JIT_RuntimeAPI_Fallback,docs/components/jit/jit_engine_copy_patch.md,6. 制約達成の方策,97
JIT_RuntimeAPI_Fallback,docs/components/runtime/runtime_interpreter.md,3. 静的モデル,11
JIT_RuntimeAPI_Fallback,docs/components/runtime/runtime_interpreter.md,4. 動的モデル,104
JIT_RuntimeAPI_Fallback,docs/components/runtime/runtime_interpreter.md,4.1 アルゴリズム,106
JIT_RuntimeAPI_Fallback,docs/components/runtime/runtime_interpreter.md,4.2 状態遷移図,120
JIT_RuntimeAPI_Fallback,docs/requires/requirement_list.md,3. 命題リスト,32
JIT_RuntimeAPI_Fallback,docs/requires/requirement_list.md,3.1 機能要求,34
JIT_RuntimeAPI_Fallback,docs/requires/requirement_list.md,3.1.1 WASM実行 (vSoC),36
JIT_Safepoint,docs/components/runtime/runtime_vsoc.md,4. 動的モデル,82
JIT_Safepoint,docs/components/runtime/runtime_vsoc.md,4.1 アルゴリズム,84
JIT_Safepoint,docs/components/runtime/runtime_vsoc.md,4.2 状態遷移図 (SysML SMD: vSoC Engine ライフサイクル),95
JIT_Safepoint,docs/components/runtime/runtime_vsoc.md,4.2.1 Safepoint と JIT キャッシュ協調モデル,169
JIT_Safepoint,docs/components/runtime/runtime_vsoc.md,6. 形式検証（TLA+ / 直交表）,396
JIT_Safepoint,docs/components/runtime/runtime_vsoc.md,6.1 検証対象の不変条件,398
JIT_Safepoint,docs/components/runtime/runtime_vsoc.md,6.2 検証対象のプロパティ,409
JIT_Safepoint,docs/components/runtime/runtime_vsoc.md,Safepoint の動作メカニズム,174
JIT_Safepoint,docs/requires/requirement_list.md,3. 命題リスト,32
JIT_Safepoint,docs/requires/requirement_list.md,3.1 機能要求,34
JIT_ZeroCompileCostTheorem,docs/components/jit/jit_compiler.md,1. コンセプト,3
JIT_ZeroCompileCostTheorem,docs/components/jit/jit_engine_copy_patch.md,1. コンセプト,3
JIT_ZeroCompileCostTheorem,docs/requires/requirement_list.md,3. 命題リスト,32
JIT_ZeroCompileCostTheorem,docs/requires/requirement_list.md,3.2.1 パフォーマンス・効率,136
LightweightVerifier,docs/components/runtime/runtime_loader.md,3. 静的モデル,11
LightweightVerifier,docs/components/runtime/runtime_loader.md,4. 動的モデル,101
LightweightVerifier,docs/components/runtime/runtime_loader.md,4.4 状態遷移図,138
LightweightVerifier,docs/components/runtime/runtime_loader.md,6.3 安全性制約と方策,279
LightweightVerifier,docs/requires/requirement_list.md,3. 命題リスト,32
LightweightVerifier,docs/requires/requirement_list.md,3.1 機能要求,34
LowLatencyJIT,docs/components/jit/jit_compiler.md,1. コンセプト,3
LowLatencyJIT,docs/components/jit/jit_engine_copy_patch.md,1. コンセプト,3
LowLatencyJIT,docs/components/jit/jit_engine_copy_patch.md,6. 制約達成の方策,97
LowLatencyJIT,docs/components/jit/jit_runtime_hotspot.md,1. コンセプト,3
LowLatencyJIT,docs/components/jit/jit_runtime_hotspot.md,6.1 性能制約,83
LowLatencyJIT,docs/components/runtime/runtime_interpreter.md,1. コンセプト,3
LowLatencyJIT,docs/components/runtime/runtime_interpreter.md,4. 動的モデル,104
LowLatencyJIT,docs/components/runtime/runtime_interpreter.md,4.1 アルゴリズム,106
LowLatencyJIT,docs/components/runtime/runtime_interpreter.md,4.2 状態遷移図,120
LowLatencyJIT,docs/components/runtime/runtime_vsoc.md,1. コンセプト,3
LowLatencyJIT,docs/components/runtime/runtime_vsoc.md,4. 動的モデル,82
LowLatencyJIT,docs/components/runtime/runtime_vsoc.md,4.2.1 Safepoint と JIT キャッシュ協調モデル,169
LowLatencyJIT,docs/components/runtime/runtime_vsoc.md,6.1 性能制約と方策,450
LowLatencyJIT,docs/components/runtime/runtime_vsoc.md,7. 制約達成の方策,448
LowLatencyJIT,docs/components/runtime/runtime_vsoc.md,Active/Old ダブルバッファとキャッシュローテーション,198
LowLatencyJIT,docs/requires/requirement_list.md,3. 命題リスト,32
LowLatencyJIT,docs/requires/requirement_list.md,3.2.1 パフォーマンス・効率,136
LowLatencyLookup,docs/components/interface/ipc_router.md,4. 動的モデル,95
LowLatencyLookup,docs/components/interface/ipc_router.md,4.1 アルゴリズム,97
LowLatencyLookup,docs/components/interface/ipc_router.md,4.1.1 名前解決パイプラインとアクセス制御フロー,113
LowLatencyLookup,docs/components/interface/ipc_router.md,4.2 状態遷移図 (SysML SMD: IPC Router ルーティングフロー),160
LowLatencyLookup,docs/components/interface/ipc_router.md,4.3.1 二分探索による O(log N) 低遅延ルックアップ,282
LowLatencyLookup,docs/components/interface/ipc_router.md,4.3.2 CSP Handoff スターベーション防止対策,287
LowLatencyLookup,docs/components/interface/ipc_router.md,6.1 性能制約と方策,469
LowLatencyLookup,docs/components/interface/ipc_router.md,7. 制約達成の方策,467
LowLatencyLookup,docs/components/interface/ipc_router.md,サービス検索と接続フロー,296
LowLatencyLookup,docs/requires/requirement_list.md,3. 命題リスト,32
LowLatencyLookup,docs/requires/requirement_list.md,3.1 機能要求,34
LowLatencyLookup,docs/requires/requirement_list.md,3.1.3 システム連携 (IPC/HAL/WIT),81
LowOverheadSwitch,docs/components/core/os_scheduler.md,5. インターフェイス設計,110
LowOverheadSwitch,docs/components/core/os_scheduler.md,タスク生成 (`spawn`),129
LowOverheadSwitch,docs/requires/requirement_list.md,3. 命題リスト,32
LowOverheadSwitch,docs/requires/requirement_list.md,3.1 機能要求,34
LowOverheadSwitch,docs/requires/requirement_list.md,3.1.2 タスク管理・通信 (COOS),64
META_3TierSeparation,docs/components/core/os_coos.md,1. コンセプト,3
META_3TierSeparation,docs/components/core/os_coos.md,2. アーキテクチャ分類,7
META_3TierSeparation,docs/components/core/os_scheduler.md,2. アーキテクチャ分類,7
META_3TierSeparation,docs/components/core/system_config.md,2. アーキテクチャ分類,7
META_3TierSeparation,docs/components/core/system_logging.md,2. アーキテクチャ分類,7
META_3TierSeparation,docs/components/interface/ipc_router.md,2. アーキテクチャ分類,7
META_3TierSeparation,docs/components/interface/system_service.md,2. アーキテクチャ分類,7
META_3TierSeparation,docs/components/jit/jit_assembler_constexpr.md,2. アーキテクチャ分類,7
META_3TierSeparation,docs/components/jit/jit_compiler.md,2. アーキテクチャ分類,7
META_3TierSeparation,docs/components/jit/jit_engine_copy_patch.md,2. アーキテクチャ分類,7
META_3TierSeparation,docs/components/jit/jit_engine_copy_patch.md,6.2 3層分離設計 (3-Tier Separation),105
META_3TierSeparation,docs/components/jit/jit_runtime_entry.md,2. アーキテクチャ分類,8
META_3TierSeparation,docs/components/jit/jit_runtime_hotspot.md,2. アーキテクチャ分類,7
META_3TierSeparation,docs/components/platform/platform_hal.md,2. アーキテクチャ分類,7
META_3TierSeparation,docs/components/platform/platform_memory.md,1. コンセプト,3
META_3TierSeparation,docs/components/runtime/debug/debug_manager.md,2. アーキテクチャ分類,7
META_3TierSeparation,docs/components/runtime/runtime_interpreter.md,2. アーキテクチャ分類,7
META_3TierSeparation,docs/components/runtime/runtime_loader.md,2. アーキテクチャ分類,7
META_3TierSeparation,docs/components/runtime/runtime_vmmio.md,2. アーキテクチャ分類,32
META_3TierSeparation,docs/components/runtime/runtime_vsoc.md,2. アーキテクチャ分類,7
META_AI_Native_Dev,docs/components/jit/jit_compiler.md,4. 動的モデル,110
META_AI_Native_Dev,docs/components/jit/jit_compiler.md,4.1 アルゴリズム,112
META_AI_Native_Dev,docs/components/jit/jit_compiler.md,Copy-and-Patch コンパイル手順,114
META_AccessDictionary,docs/components/interface/ipc_router.md,4. 動的モデル,95
META_AccessDictionary,docs/components/interface/ipc_router.md,4.1 アルゴリズム,97
META_AccessDictionary,docs/components/interface/ipc_router.md,4.1.1 名前解決パイプラインとアクセス制御フロー,113
META_AccessDictionary,docs/components/interface/ipc_router.md,4.2 状態遷移図 (SysML SMD: IPC Router ルーティングフロー),160
META_AccessDictionary,docs/components/interface/ipc_router.md,4.3.1 二分探索による O(log N) 低遅延ルックアップ,282
META_AccessDictionary,docs/components/interface/ipc_router.md,4.3.2 CSP Handoff スターベーション防止対策,287
META_AccessDictionary,docs/components/interface/ipc_router.md,サービス検索と接続フロー,296
META_AccessDictionary,docs/components/runtime/runtime_loader.md,1. コンセプト,3
META_AccessDictionary,docs/components/runtime/runtime_loader.md,4. 動的モデル,101
META_AccessDictionary,docs/components/runtime/runtime_loader.md,4.1 アルゴリズム,103
META_AccessDictionary,docs/components/runtime/runtime_loader.md,4.3 軽量検証スコープ,126
META_AccessDictionary,docs/components/runtime/runtime_loader.md,4.4 状態遷移図,138
META_AccessDictionary,docs/components/runtime/runtime_loader.md,6. 制約達成の方策,267
META_AccessDictionary,docs/components/runtime/runtime_loader.md,6.1 性能制約と方策,269
META_BinarySearch,docs/components/jit/jit_runtime_entry.md,1. コンセプト,3
META_BumpAllocator,docs/components/interface/ipc_router.md,7. 制約達成の方策,467
META_BumpAllocator,docs/components/runtime/runtime_loader.md,1. コンセプト,3
META_BumpAllocator,docs/components/runtime/runtime_loader.md,6. 制約達成の方策,267
META_CompileTimeValidation,docs/components/jit/jit_assembler_constexpr.md,1. コンセプト,3
META_ConfigurableSystem,docs/components/core/system_config.md,1. コンセプト,3
META_ConfigurableSystem,docs/components/core/system_config.md,3. 静的モデル,11
META_ConfigurableSystem,docs/components/core/system_config.md,3.2 内部ブロック図,17
META_ConfigurableSystem,docs/components/core/system_config.md,6. 制約達成の方策,92
META_ConfigurableSystem,docs/components/core/system_config.md,6.3 安全性制約と方策,104
META_ConfigurableSystem,docs/components/core/system_config_details.md,1. 概要,3
META_ConfigurableSystem,docs/components/core/system_config_details.md,2. マクロ一覧,7
META_ConfigurableSystem,docs/components/core/system_config_details.md,2.3 HAL,49
META_ConfigurableSystem,docs/components/core/system_config_details.md,2.4 vSoC / vMMIO,57
META_ConfigurableSystem,docs/components/core/system_config_details.md,2.6 デバッガ,93
META_ConfigurableSystem,docs/components/core/system_config_details.md,2.7 型定義・予約値,100
META_ConfigurableSystem,docs/components/core/system_logging.md,3. 静的モデル,11
META_ConfigurableSystem,docs/components/core/system_logging.md,6. 制約達成の方策,153
META_ConfigurableSystem,docs/components/core/system_logging.md,6.3 安全性制約と方策,165
META_ConfigurableSystem,docs/components/interface/system_service.md,3. 静的モデル,11
META_ConfigurableSystem,docs/components/jit/jit_compiler.md,3. 静的モデル,11
META_ConfigurableSystem,docs/components/jit/jit_compiler.md,3.3 主要なクラス・構造体・配列・定数,56
META_ConfigurableSystem,docs/components/jit/jit_compiler.md,6. インターフェイス定義,250
META_ConfigurableSystem,docs/components/jit/jit_compiler.md,6.1 公開API,252
META_ConfigurableSystem,docs/components/jit/jit_compiler.md,カード状態取得（get_card_state）,280
META_ConfigurableSystem,docs/components/jit/jit_compiler.md,トレース検索（lookup_trace）,271
META_ConfigurableSystem,docs/components/jit/jit_compiler.md,初期化（initialize）,256
META_ConfigurableSystem,docs/components/jit/jit_compiler.md,検索範囲取得（get_search_range）,289
META_ConfigurableSystem,docs/components/platform/platform_hal.md,3. 静的モデル,11
META_ConfigurableSystem,docs/components/platform/platform_hal.md,6. 制約達成の方策,192
META_ConfigurableSystem,docs/components/platform/platform_hal.md,6.1 性能制約と方策,194
META_ConfigurableSystem,docs/components/runtime/runtime_interpreter.md,3. 静的モデル,11
META_ConfigurableSystem,docs/components/runtime/runtime_interpreter.md,インタプリタ構成（interpreter_config）,86
META_ConfigurableSystem,docs/components/runtime/runtime_loader.md,4. 動的モデル,101
META_ConfigurableSystem,docs/components/runtime/runtime_loader.md,4.2 メモリ制約,114
META_ConfigurableSystem,docs/components/runtime/runtime_loader.md,4.3 軽量検証スコープ,126
META_ConfigurableSystem,docs/components/runtime/runtime_loader.md,4.4 状態遷移図,138
META_ConfigurableSystem,docs/components/runtime/runtime_vmmio.md,4. 動的モデル,284
META_ConfigurableSystem,docs/components/runtime/runtime_vmmio.md,4.7 仮想割り込みマッピング,480
META_ConfigurableSystem,docs/components/runtime/runtime_vmmio.md,6. 制約達成の方策,541
META_ConfigurableSystem,docs/components/runtime/runtime_vmmio.md,6.1 性能制約と方策,543
META_ConfigurableSystem,docs/components/runtime/runtime_vsoc.md,3. 静的モデル,11
META_FaultIsolation,docs/components/interface/system_service.md,1. コンセプト,3
META_FaultIsolation,docs/components/interface/system_service.md,4. 動的モデル,48
META_FaultIsolation,docs/components/interface/system_service.md,4.1 アルゴリズム,50
META_FaultIsolation,docs/components/interface/system_service.md,4.2 状態遷移図,55
META_FaultIsolation,docs/components/interface/system_service.md,4.3 内部シーケンス,68
META_FaultIsolation,docs/components/interface/system_service.md,6.3 安全性制約と方策,217
META_FaultIsolation,docs/components/platform/platform_memory.md,7. 共有メモリ (shared-block) のライフサイクル,85
META_FaultIsolation,docs/components/runtime/runtime_interpreter.md,6. 制約達成の方策,215
META_FaultIsolation,docs/components/runtime/runtime_vsoc.md,1. コンセプト,3
META_FlatMapIndexed,docs/components/interface/ipc_router.md,3. 静的モデル,11
META_FlatMapIndexed,docs/components/interface/ipc_router.md,3.1 データ構造,13
META_FlatMapIndexed,docs/components/interface/ipc_router.md,3.2 内部ブロック図,18
META_FlatMapIndexed,docs/components/interface/ipc_router.md,4. 動的モデル,95
META_FlatMapIndexed,docs/components/interface/ipc_router.md,4.1 アルゴリズム,97
META_FlatMapIndexed,docs/components/interface/ipc_router.md,4.1.1 名前解決パイプラインとアクセス制御フロー,113
META_FlatMapIndexed,docs/components/interface/ipc_router.md,4.2 状態遷移図 (SysML SMD: IPC Router ルーティングフロー),160
META_FlatMapIndexed,docs/components/interface/ipc_router.md,4.3.1 二分探索による O(log N) 低遅延ルックアップ,282
META_FlatMapIndexed,docs/components/interface/ipc_router.md,4.3.2 CSP Handoff スターベーション防止対策,287
META_FlatMapIndexed,docs/components/interface/ipc_router.md,IPCメッセージ（message）,77
META_FlatMapIndexed,docs/components/jit/jit_runtime_entry.md,1. コンセプト,3
META_FlatMapIndexed,docs/components/runtime/runtime_vmmio.md,3. 静的モデル,36
META_FlatMapIndexed,docs/components/runtime/runtime_vmmio.md,L1/L2 ページテーブル定義,259
META_NoStdVector,docs/components/runtime/debug/debug_manager.md,3. 静的モデル,11
META_NoStdVector,docs/components/runtime/debug/debug_manager.md,6. 制約達成の方策,136
META_NoStdVector,docs/components/runtime/debug/debug_manager.md,デバッガ（Debugger）クラス,36
META_NoStdVector,docs/components/runtime/runtime_loader.md,6. 制約達成の方策,267
META_RecoveryStrategy,docs/components/interface/interface_wit.md,3. 共通データ構造,15
META_RecoveryStrategy,docs/components/interface/interface_wit.md,3.1 基礎インターフェイス,17
META_RecoveryStrategy,docs/components/interface/system_service.md,4. 動的モデル,48
META_RecoveryStrategy,docs/components/interface/system_service.md,5. インターフェイス定義,155
META_RecoveryStrategy,docs/components/interface/system_service.md,5.1 エラーハンドリング戦略,157
META_RecoveryStrategy,docs/components/interface/system_service.md,5.2 公開API,173
META_RecoveryStrategy,docs/components/interface/system_service.md,リカバリー戦略の種類と具体的ポリシー,162
META_RecoveryStrategy,docs/components/runtime/runtime_interpreter.md,5. インターフェイス定義,156
META_RecoveryStrategy,docs/components/runtime/runtime_interpreter.md,5.1 公開API,158
META_RecoveryStrategy,docs/components/runtime/runtime_interpreter.md,5.2 URI/IPCインターフェイス,202
META_RecoveryStrategy,docs/components/runtime/runtime_interpreter.md,実行ステップ (`run_step`),175
META_RecoveryStrategy,docs/components/runtime/runtime_vsoc.md,5. インターフェイス定義,301
META_RecoveryStrategy,docs/components/runtime/runtime_vsoc.md,5.1 公開API,303
META_RecoveryStrategy,docs/components/runtime/runtime_vsoc.md,5.4 URI/IPCインターフェイス,382
META_RecoveryStrategy,docs/components/runtime/runtime_vsoc.md,`notify-interrupt`,334
META_RecoveryStrategy,docs/components/runtime/runtime_vsoc.md,ステップ実行（step）,320
META_RestrictedPhysicalAccess,docs/components/core/system_config_details.md,2. マクロ一覧,7
META_RestrictedPhysicalAccess,docs/components/core/system_config_details.md,2.3 HAL,49
META_RestrictedPhysicalAccess,docs/components/core/system_config_details.md,2.4 vSoC / vMMIO,57
META_RestrictedPhysicalAccess,docs/components/core/system_config_details.md,2.6 デバッガ,93
META_RestrictedPhysicalAccess,docs/components/core/system_config_details.md,2.7 型定義・予約値,100
META_RestrictedPhysicalAccess,docs/components/core/system_syscall.md,5. システムコールID,84
META_RestrictedPhysicalAccess,docs/components/core/system_syscall.md,5.3. vMMIO Generic (`0x10`-`0x1F`),110
META_RestrictedPhysicalAccess,docs/components/core/system_syscall.md,5.5. IRQ (`0x30`-`0x3F`),130
META_RestrictedPhysicalAccess,docs/components/runtime/runtime_vmmio.md,1. コンセプト,3
META_RestrictedPhysicalAccess,docs/components/runtime/runtime_vsoc.md,6.3 安全性制約と方策,461
META_Risk_Tiering,docs/components/interface/interface_wit.md,2. アーキテクチャ原則,8
META_SpecificationFirst,docs/components/interface/interface_wit.md,2. アーキテクチャ原則,8
META_StaticDI,docs/components/core/os_coos.md,4. 動的モデル,84
META_StaticDI,docs/components/core/os_coos.md,5. インターフェイス設計,181
META_StaticDI,docs/components/core/os_coos.md,5.1 `coos_harness` (システムハーネス),185
META_StaticDI,docs/components/platform/platform_hal.md,2. アーキテクチャ分類,7
META_StaticDI,docs/components/runtime/runtime_vsoc.md,3. 静的モデル,11
META_StaticDI,docs/components/runtime/runtime_vsoc.md,3.1 データ構造,13
META_StaticDI,docs/components/runtime/runtime_vsoc.md,3.2 内部ブロック図,19
META_Static_Resolution,docs/components/core/system_config.md,1. コンセプト,3
META_Static_Resolution,docs/components/core/system_config.md,2. アーキテクチャ分類,7
META_Static_Resolution,docs/components/core/system_config.md,4. 動的モデル,60
META_Static_Resolution,docs/components/core/system_config.md,4.1 アルゴリズム,62
META_Static_Resolution,docs/components/core/system_config.md,4.2 状態遷移図,66
META_Static_Resolution,docs/components/core/system_config.md,6. 制約達成の方策,92
META_Static_Resolution,docs/components/core/system_config.md,6.1 性能制約と方策,94
META_Static_Resolution,docs/components/jit/jit_assembler_constexpr.md,1. コンセプト,3
META_Static_Resolution,docs/components/jit/jit_assembler_constexpr.md,2. アーキテクチャ分類,7
META_Static_Resolution,docs/components/jit/jit_assembler_constexpr.md,6. 制約達成の方策,94
META_Static_Resolution,docs/components/jit/jit_assembler_constexpr.md,6.2 安全性制約,101
META_Static_Resolution,docs/components/runtime/runtime_vmmio.md,3. 静的モデル,36
META_Static_Resolution,docs/components/runtime/runtime_vmmio.md,3.1 データ構造,38
META_Static_Resolution,docs/components/runtime/runtime_vmmio.md,3.2 内部ブロック図,55
META_Static_Resolution,docs/components/runtime/runtime_vmmio.md,アドレスフィールド定義 (vmmio_address),85
META_Static_Resolution,docs/components/runtime/runtime_vmmio.md,コントローラ群 (VmmioController),199
META_Static_Resolution,docs/components/runtime/runtime_vmmio.md,静的デバイスページテーブルエントリ (vmmio_pte_static),208
META_ZeroCostAbstraction,docs/components/jit/jit_assembler_constexpr.md,3. 静的モデル,11
META_ZeroCostAbstraction,docs/components/jit/jit_assembler_constexpr.md,`fireball::riscv::i_type`,29
META_ZeroOverhead,docs/components/core/system_logging.md,5. インターフェイス定義,120
META_ZeroOverhead,docs/components/core/system_logging.md,5.1 公開API,122
META_ZeroOverhead,docs/components/core/system_logging.md,ログイベント記録 (`log_event`),126
META_ZeroOverhead,docs/components/jit/jit_assembler_constexpr.md,3. 静的モデル,11
META_ZeroOverhead,docs/components/jit/jit_assembler_constexpr.md,`fireball::arm::add_imm`,43
MemoryBoundaryCheck,docs/components/jit/jit_compiler.md,7. 制約達成の方策,313
MemoryBoundaryCheck,docs/components/runtime/debug/debug_manager.md,6.3 安全性制約と方策,148
MemoryBoundaryCheck,docs/components/runtime/runtime_interpreter.md,3. 静的モデル,11
MemoryBoundaryCheck,docs/components/runtime/runtime_interpreter.md,6. 制約達成の方策,215
MemoryBoundaryCheck,docs/components/runtime/runtime_interpreter.md,コールフレーム（call_frame）,62
MemoryBoundaryCheck,docs/components/runtime/runtime_interpreter.md,制御フレーム（control_frame）,74
MemoryBoundaryCheck,docs/components/runtime/runtime_interpreter.md,実行コンテキスト（execution_context）,46
MemoryBoundaryCheck,docs/components/runtime/runtime_vsoc.md,6.3 安全性制約と方策,461
MemoryBoundaryCheck,docs/requires/requirement_list.md,3. 命題リスト,32
MemoryBoundaryCheck,docs/requires/requirement_list.md,3.1 機能要求,34
MemoryBoundaryCheck,docs/requires/requirement_list.md,3.1.1 WASM実行 (vSoC),36
MemoryIsolation,docs/components/core/system_logging.md,6. 制約達成の方策,153
MemoryIsolation,docs/components/core/system_logging.md,6.3 安全性制約と方策,165
MemoryIsolation,docs/components/interface/system_service.md,1. コンセプト,3
MemoryIsolation,docs/components/interface/system_service.md,6. 制約達成の方策,205
MemoryIsolation,docs/components/runtime/debug/debug_manager.md,1. コンセプト,3
MemoryIsolation,docs/components/runtime/debug/debug_manager.md,6. 制約達成の方策,136
MemoryIsolation,docs/components/runtime/runtime_vsoc.md,1. コンセプト,3
MemoryIsolation,docs/requires/requirement_list.md,3. 命題リスト,32
MemoryIsolation,docs/requires/requirement_list.md,3.2.1 パフォーマンス・効率,136
MultiModule_Support,docs/components/runtime/runtime_loader.md,3. 静的モデル,11
MultiModule_Support,docs/components/runtime/runtime_loader.md,3.1 データ構造,13
MultiModule_Support,docs/components/runtime/runtime_loader.md,3.2 内部ブロック図,19
MultiModule_Support,docs/components/runtime/runtime_vsoc.md,4. 動的モデル,82
MultiModule_Support,docs/components/runtime/runtime_vsoc.md,5. インターフェイス定義,301
MultiModule_Support,docs/components/runtime/runtime_vsoc.md,5.3 マルチモジュール対応,375
MultiModule_Support,docs/components/runtime/runtime_vsoc.md,5.4 URI/IPCインターフェイス,382
MultiModule_Support,docs/requires/requirement_list.md,3. 命題リスト,32
MultiModule_Support,docs/requires/requirement_list.md,3.1 機能要求,34
MultiModule_Support,docs/requires/requirement_list.md,3.1.1 WASM実行 (vSoC),36
NativeAPI_Export,docs/components/core/system_syscall.md,1. 目的,3
NativeAPI_Export,docs/components/runtime/runtime_vsoc.md,5. インターフェイス定義,301
NativeAPI_Export,docs/components/runtime/runtime_vsoc.md,5.2 ネイティブAPI エクスポート,362
NativeAPI_Export,docs/components/runtime/runtime_vsoc.md,5.4 URI/IPCインターフェイス,382
NativeAPI_Export,docs/requires/requirement_list.md,3. 命題リスト,32
NativeAPI_Export,docs/requires/requirement_list.md,3.1 機能要求,34
NativeAPI_Export,docs/requires/requirement_list.md,3.1.1 WASM実行 (vSoC),36
NotRTOS,docs/components/core/os_coos.md,1. コンセプト,3
NotRTOS,docs/requires/requirement_list.md,3. 命題リスト,32
OwnershipTransfer,docs/components/interface/ipc_router.md,1. コンセプト,3
OwnershipTransfer,docs/components/interface/ipc_router.md,4. 動的モデル,95
OwnershipTransfer,docs/components/interface/ipc_router.md,4.1 アルゴリズム,97
OwnershipTransfer,docs/components/interface/ipc_router.md,4.2 状態遷移図 (SysML SMD: IPC Router ルーティングフロー),160
OwnershipTransfer,docs/components/interface/ipc_router.md,4.2.1 所有権移譲状態機械 (Ownership Transfer State Machine),220
OwnershipTransfer,docs/components/interface/ipc_router.md,4.3.2 CSP Handoff スターベーション防止対策,287
OwnershipTransfer,docs/components/interface/ipc_router.md,6. 形式検証（TLA+ / 直交表）,416
OwnershipTransfer,docs/components/interface/ipc_router.md,6.1 検証対象の不変条件,418
OwnershipTransfer,docs/components/interface/ipc_router.md,6.3 安全性制約と方策,479
OwnershipTransfer,docs/components/platform/platform_memory.md,7. 共有メモリ (shared-block) のライフサイクル,85
OwnershipTransfer,docs/components/runtime/runtime_vmmio.md,4. 動的モデル,284
OwnershipTransfer,docs/components/runtime/runtime_vmmio.md,"4.5 VDMA レジスタ詳細 (FC=12, L2=2)",445
OwnershipTransfer,docs/components/runtime/runtime_vmmio.md,4.6 共有メモリマッピング (FC=14),456
OwnershipTransfer,docs/components/runtime/runtime_vmmio.md,6.3 安全性制約と方策,555
OwnershipTransfer,docs/requires/requirement_list.md,3. 命題リスト,32
OwnershipTransfer,docs/requires/requirement_list.md,3.1 機能要求,34
OwnershipTransfer,docs/requires/requirement_list.md,3.1.3 システム連携 (IPC/HAL/WIT),81
PhysicalPassthrough,docs/components/platform/platform_hal.md,5. インターフェイス定義,92
PhysicalPassthrough,docs/components/platform/platform_hal.md,5.1 公開API,94
PhysicalPassthrough,docs/components/platform/platform_hal.md,5.2 Tier 3 リソースインターフェイス,149
PhysicalPassthrough,docs/components/platform/platform_hal.md,5.2 URI/IPCインターフェイス,175
PhysicalPassthrough,docs/components/platform/platform_hal.md,ゼロコピー転送 (bus_master/streaming),120
PhysicalPassthrough,docs/components/platform/platform_hal.md,非標準制御 (control),129
PhysicalPassthrough,docs/components/runtime/runtime_vmmio.md,1. コンセプト,3
PhysicalPassthrough,docs/requires/requirement_list.md,3. 命題リスト,32
PhysicalPassthrough,docs/requires/requirement_list.md,3.1 機能要求,34
PhysicalPassthrough,docs/requires/requirement_list.md,3.1.3 システム連携 (IPC/HAL/WIT),81
PositionIndependentCode,docs/components/jit/jit_assembler_constexpr.md,1. コンセプト,3
PositionIndependentCode,docs/components/jit/jit_compiler.md,7. 制約達成の方策,313
PositionIndependentCode,docs/components/runtime/runtime_interpreter.md,3. 静的モデル,11
PositionIndependentCode,docs/components/runtime/runtime_interpreter.md,コールフレーム（call_frame）,62
PositionIndependentCode,docs/components/runtime/runtime_interpreter.md,制御フレーム（control_frame）,74
PositionIndependentCode,docs/components/runtime/runtime_interpreter.md,実行コンテキスト（execution_context）,46
PositionIndependentCode,docs/requires/requirement_list.md,3. 命題リスト,32
PositionIndependentCode,docs/requires/requirement_list.md,3.1 機能要求,34
PositionIndependentCode,docs/requires/requirement_list.md,3.1.1 WASM実行 (vSoC),36
ROMParsing,docs/components/runtime/runtime_loader.md,1. コンセプト,3
ROMParsing,docs/components/runtime/runtime_loader.md,3. 静的モデル,11
ROMParsing,docs/components/runtime/runtime_loader.md,6. 制約達成の方策,267
ROMParsing,docs/components/runtime/runtime_loader.md,6.1 性能制約と方策,269
ROMParsing,docs/components/runtime/runtime_loader.md,グローバルアクセサ（global_accessor）,83
ROMParsing,docs/components/runtime/runtime_loader.md,バイナリストリーム（BinaryStream）,59
ROMParsing,docs/components/runtime/runtime_loader.md,モジュールビュー（module_view）,50
ROMParsing,docs/components/runtime/runtime_loader.md,関数アクセサ（function_accessor）,72
ROMParsing,docs/requires/requirement_list.md,3. 命題リスト,32
ROMParsing,docs/requires/requirement_list.md,3.1 機能要求,34
ROMParsing,docs/requires/requirement_list.md,3.1.1 WASM実行 (vSoC),36
RSPMinimalSet,docs/components/platform/platform_hal.md,1. コンセプト,3
RSPMinimalSet,docs/components/runtime/debug/debug_gdb_rsp.md,1. 概要,3
RSPMinimalSet,docs/components/runtime/debug/debug_manager.md,1. コンセプト,3
RSPMinimalSet,docs/components/runtime/debug/debug_manager.md,3. 静的モデル,11
RSPMinimalSet,docs/components/runtime/debug/debug_manager.md,5. インターフェイス定義,95
RSPMinimalSet,docs/components/runtime/debug/debug_manager.md,5.1 公開API,97
RSPMinimalSet,docs/components/runtime/debug/debug_manager.md,コマンド処理 (`poll_commands`),113
RSPMinimalSet,docs/requires/requirement_list.md,3. 命題リスト,32
RSPMinimalSet,docs/requires/requirement_list.md,3.1 機能要求,34
RSPMinimalSet,docs/requires/requirement_list.md,3.1.4 デバッグ・運用,109
RSP_Transport_Selectable,docs/components/platform/platform_hal.md,4. 動的モデル,54
RSP_Transport_Selectable,docs/components/platform/platform_hal.md,4.1 アルゴリズム,56
RSP_Transport_Selectable,docs/components/platform/platform_hal.md,4.2 状態遷移図,62
RSP_Transport_Selectable,docs/components/platform/platform_hal.md,5. インターフェイス定義,92
RSP_Transport_Selectable,docs/components/platform/platform_hal.md,5.3 RSPトランスポート構成,179
RSP_Transport_Selectable,docs/components/runtime/debug/debug_manager.md,1. コンセプト,3
RSP_Transport_Selectable,docs/requires/requirement_list.md,3. 命題リスト,32
RSP_Transport_Selectable,docs/requires/requirement_list.md,3.1 機能要求,34
RSP_Transport_Selectable,docs/requires/requirement_list.md,3.1.4 デバッグ・運用,109
Resource_Estimation_Model,docs/components/core/system_config.md,3. 静的モデル,11
Resource_Estimation_Model,docs/components/core/system_config.md,3.1 データ構造,13
Resource_Estimation_Model,docs/components/core/system_config.md,3.2 内部ブロック図,17
Resource_Estimation_Model,docs/requires/requirement_list.md,3. 命題リスト,32
Resource_Estimation_Model,docs/requires/requirement_list.md,3.2.1 パフォーマンス・効率,136
RoleBasedAccessControl,docs/components/core/system_config_details.md,2. マクロ一覧,7
RoleBasedAccessControl,docs/components/core/system_config_details.md,2.1 メモリ管理,10
RoleBasedAccessControl,docs/components/core/system_config_details.md,2.2 IPCルータ,20
RoleBasedAccessControl,docs/components/core/system_config_details.md,2.6 デバッガ,93
RoleBasedAccessControl,docs/components/core/system_config_details.md,2.7 型定義・予約値,100
RoleBasedAccessControl,docs/components/core/system_syscall.md,5. システムコールID,84
RoleBasedAccessControl,docs/components/core/system_syscall.md,5.3. vMMIO Generic (`0x10`-`0x1F`),110
RoleBasedAccessControl,docs/components/core/system_syscall.md,5.5. IRQ (`0x30`-`0x3F`),130
RoleBasedAccessControl,docs/components/interface/ipc_router.md,1. コンセプト,3
RoleBasedAccessControl,docs/components/interface/ipc_router.md,3. 静的モデル,11
RoleBasedAccessControl,docs/components/interface/ipc_router.md,3.1 データ構造,13
RoleBasedAccessControl,docs/components/interface/ipc_router.md,3.2 内部ブロック図,18
RoleBasedAccessControl,docs/components/interface/ipc_router.md,4. 動的モデル,95
RoleBasedAccessControl,docs/components/interface/ipc_router.md,4.1.1 名前解決パイプラインとアクセス制御フロー,113
RoleBasedAccessControl,docs/components/interface/ipc_router.md,6.3 安全性制約と方策,479
RoleBasedAccessControl,docs/components/interface/ipc_router.md,サービス検索と接続フロー,296
RoleBasedAccessControl,docs/components/runtime/runtime_vmmio.md,1. コンセプト,3
RoleBasedAccessControl,docs/components/runtime/runtime_vmmio.md,6.3 安全性制約と方策,555
RoleBasedAccessControl,docs/requires/requirement_list.md,3. 命題リスト,32
RoleBasedAccessControl,docs/requires/requirement_list.md,3.1 機能要求,34
RoleBasedAccessControl,docs/requires/requirement_list.md,3.1.3 システム連携 (IPC/HAL/WIT),81
ServiceFacade,docs/components/interface/ipc_router.md,5. インターフェイス定義,368
ServiceFacade,docs/requires/requirement_list.md,3. 命題リスト,32
ServiceFacade,docs/requires/requirement_list.md,3.1 機能要求,34
ServiceFacade,docs/requires/requirement_list.md,3.1.3 システム連携 (IPC/HAL/WIT),81
SimpleJITArchitecture,docs/components/jit/jit_compiler.md,1. コンセプト,3
SimpleJITArchitecture,docs/components/jit/jit_compiler.md,3. 静的モデル,11
SimpleJITArchitecture,docs/components/jit/jit_compiler.md,3.1 データ構造,13
SimpleJITArchitecture,docs/components/jit/jit_compiler.md,3.2 内部ブロック図,25
SimpleJITArchitecture,docs/components/jit/jit_compiler.md,3.3 主要なクラス・構造体・配列・定数,56
SimpleJITArchitecture,docs/components/jit/jit_runtime_entry.md,1. コンセプト,3
SimpleJITArchitecture,docs/components/jit/jit_runtime_entry.md,2. アーキテクチャ分類,8
SimpleJITArchitecture,docs/components/jit/jit_runtime_hotspot.md,1. コンセプト,3
SimpleJITArchitecture,docs/components/jit/jit_runtime_hotspot.md,2. アーキテクチャ分類,7
SimpleJITArchitecture,docs/components/jit/jit_runtime_hotspot.md,6.1 性能制約,83
SimpleJITArchitecture,docs/components/runtime/runtime_interpreter.md,4. 動的モデル,104
SimpleJITArchitecture,docs/components/runtime/runtime_interpreter.md,4.1 アルゴリズム,106
SimpleJITArchitecture,docs/components/runtime/runtime_interpreter.md,4.2 状態遷移図,120
SimpleJITArchitecture,docs/requires/requirement_list.md,3. 命題リスト,32
SimpleJITArchitecture,docs/requires/requirement_list.md,3.2.1 パフォーマンス・効率,136
SinglePassCompilation,docs/components/jit/jit_engine_copy_patch.md,1. コンセプト,3
SinglePassCompilation,docs/requires/requirement_list.md,3. 命題リスト,32
SinglePassCompilation,docs/requires/requirement_list.md,3.1 機能要求,34
SinglePassCompilation,docs/requires/requirement_list.md,3.1.1 WASM実行 (vSoC),36
Size_15KLOC,docs/components/platform/platform_memory.md,4. インターフェイス設計,20
Size_15KLOC,docs/components/platform/platform_memory.md,初期化,23
Size_15KLOC,docs/requires/requirement_list.md,3. 命題リスト,32
Size_15KLOC,docs/requires/requirement_list.md,3.2.1 パフォーマンス・効率,136
Size_15KLOC,docs/requires/requirement_list.md,3.2.2 開発方針・品質,152
Syscall_Mapping,docs/components/interface/interface_wit.md,3. 共通データ構造,15
Syscall_Mapping,docs/components/interface/interface_wit.md,4. 低レベル・トラップ・インターフェイス,57
Syscall_Mapping,docs/components/interface/interface_wit.md,4.1. `fireball:host/trap` の定義,61
Syscall_Mapping,docs/requires/requirement_list.md,3. 命題リスト,32
Syscall_Mapping,docs/requires/requirement_list.md,3.1 機能要求,34
Syscall_Mapping,docs/requires/requirement_list.md,3.1.3 システム連携 (IPC/HAL/WIT),81
Syscall_Return_Value,docs/components/core/system_syscall.md,4. `fireball_call` 呼び出し規約,48
Syscall_Return_Value,docs/requires/requirement_list.md,3. 命題リスト,32
Syscall_Return_Value,docs/requires/requirement_list.md,3.1 機能要求,34
Syscall_Return_Value,docs/requires/requirement_list.md,3.1.3 システム連携 (IPC/HAL/WIT),81
TaskPollInterruptFlag,docs/components/platform/platform_hal.md,1. コンセプト,3
TaskPollInterruptFlag,docs/components/platform/platform_hal.md,4. 動的モデル,54
TaskPollInterruptFlag,docs/components/platform/platform_hal.md,4.1 アルゴリズム,56
TaskPollInterruptFlag,docs/components/platform/platform_hal.md,4.2 状態遷移図,62
TaskPollInterruptFlag,docs/requires/requirement_list.md,3. 命題リスト,32
TaskPollInterruptFlag,docs/requires/requirement_list.md,3.1 機能要求,34
TaskPollInterruptFlag,docs/requires/requirement_list.md,3.1.2 タスク管理・通信 (COOS),64
ThreadedInterpreter,docs/components/runtime/runtime_interpreter.md,1. コンセプト,3
ThreadedInterpreter,docs/components/runtime/runtime_interpreter.md,4. 動的モデル,104
ThreadedInterpreter,docs/components/runtime/runtime_interpreter.md,4.1 アルゴリズム,106
ThreadedInterpreter,docs/components/runtime/runtime_interpreter.md,4.2 状態遷移図,120
ThreadedInterpreter,docs/components/runtime/runtime_interpreter.md,6. 制約達成の方策,215
ThreadedInterpreter,docs/components/runtime/runtime_interpreter.md,6.1 性能制約と方策,217
ThreadedInterpreter,docs/components/runtime/runtime_interpreter.md,6.2 メモリ制約と方策,222
ThreadedInterpreter,docs/components/runtime/runtime_vsoc.md,4. 動的モデル,82
ThreadedInterpreter,docs/components/runtime/runtime_vsoc.md,4.1 アルゴリズム,84
ThreadedInterpreter,docs/components/runtime/runtime_vsoc.md,4.2 状態遷移図 (SysML SMD: vSoC Engine ライフサイクル),95
ThreadedInterpreter,docs/components/runtime/runtime_vsoc.md,4.2.1 Safepoint と JIT キャッシュ協調モデル,169
ThreadedInterpreter,docs/components/runtime/runtime_vsoc.md,6.1 性能制約と方策,450
ThreadedInterpreter,docs/components/runtime/runtime_vsoc.md,7. 制約達成の方策,448
ThreadedInterpreter,docs/requires/requirement_list.md,3. 命題リスト,32
ThreadedInterpreter,docs/requires/requirement_list.md,3.1 機能要求,34
ThreadedInterpreter,docs/requires/requirement_list.md,3.1.1 WASM実行 (vSoC),36
Trap_Interface,docs/components/core/system_syscall.md,10. トラップ状態プロトコル,291
Trap_Interface,docs/components/core/system_syscall.md,3. `fireball_call` WIT定義,18
Trap_Interface,docs/components/core/system_syscall.md,トラップ実行の制御フロー,296
Trap_Interface,docs/requires/requirement_list.md,3. 命題リスト,32
Trap_Interface,docs/requires/requirement_list.md,3.1 機能要求,34
Trap_Interface,docs/requires/requirement_list.md,3.1.3 システム連携 (IPC/HAL/WIT),81
TypeSafeMessaging,docs/components/interface/ipc_router.md,3. 静的モデル,11
TypeSafeMessaging,docs/components/interface/ipc_router.md,5. インターフェイス定義,368
TypeSafeMessaging,docs/components/interface/ipc_router.md,5.2 URI/IPCインターフェイス,407
TypeSafeMessaging,docs/components/interface/ipc_router.md,IPCメッセージ（message）,77
TypeSafeMessaging,docs/components/platform/platform_hal.md,5. インターフェイス定義,92
TypeSafeMessaging,docs/requires/requirement_list.md,3. 命題リスト,32
TypeSafeMessaging,docs/requires/requirement_list.md,3.1 機能要求,34
TypeSafeMessaging,docs/requires/requirement_list.md,3.1.3 システム連携 (IPC/HAL/WIT),81
Type_Vocabulary,docs/components/core/system_syscall.md,3. `fireball_call` WIT定義,18
Type_Vocabulary,docs/components/core/system_syscall.md,4. `fireball_call` 呼び出し規約,48
Type_Vocabulary,docs/components/core/system_syscall.md,4.1. 引数のパッキング,50
Type_Vocabulary,docs/components/core/system_syscall.md,5. システムコールID,84
Type_Vocabulary,docs/components/core/system_syscall.md,5.1. カテゴリ一覧,87
Type_Vocabulary,docs/components/core/system_syscall.md,型のエイリアス定義 (Type Vocabulary) `{Type_Vocabulary}`,55
Type_Vocabulary,docs/requires/requirement_list.md,3. 命題リスト,32
Type_Vocabulary,docs/requires/requirement_list.md,3.2.1 パフォーマンス・効率,136
Type_Vocabulary,docs/requires/requirement_list.md,3.2.2 開発方針・品質,152
URIAbstraction,docs/components/interface/ipc_router.md,1. コンセプト,3
URIAbstraction,docs/components/interface/ipc_router.md,2. アーキテクチャ分類,7
URIAbstraction,docs/components/interface/system_service.md,2. アーキテクチャ分類,7
URIAbstraction,docs/components/platform/platform_hal.md,2. アーキテクチャ分類,7
URIAbstraction,docs/requires/requirement_list.md,3. 命題リスト,32
URIAbstraction,docs/requires/requirement_list.md,3.1 機能要求,34
URIAbstraction,docs/requires/requirement_list.md,3.1.3 システム連携 (IPC/HAL/WIT),81
UnifiedAccessModel,docs/components/core/system_syscall.md,2. 背景,7
UnifiedAccessModel,docs/components/runtime/runtime_vmmio.md,1. コンセプト,3
UnifiedAccessModel,docs/requires/requirement_list.md,3. 命題リスト,32
UnifiedAccessModel,docs/requires/requirement_list.md,3.1 機能要求,34
UnifiedAccessModel,docs/requires/requirement_list.md,3.1.1 WASM実行 (vSoC),36
VDMA,docs/components/core/system_syscall.md,5. システムコールID,84
VDMA,docs/components/core/system_syscall.md,5.4. VDMA (`0x20`-`0x2F`),122
VDMA,docs/components/core/system_syscall.md,5.5. IRQ (`0x30`-`0x3F`),130
VDMA,docs/components/runtime/runtime_vmmio.md,4. 動的モデル,284
VDMA,docs/components/runtime/runtime_vmmio.md,4.2 アルゴリズム: 仮想DMA (VDMA),399
VDMA,docs/components/runtime/runtime_vmmio.md,4.3 仮想デバイスマップ,413
VDMA,docs/components/runtime/runtime_vmmio.md,"4.4 SYSCTL レジスタ詳細 (FC=12, L2=0)",429
VDMA,docs/components/runtime/runtime_vmmio.md,"4.5 VDMA レジスタ詳細 (FC=12, L2=2)",445
VDMA,docs/requires/requirement_list.md,3. 命題リスト,32
VDMA,docs/requires/requirement_list.md,3.1 機能要求,34
VDMA,docs/requires/requirement_list.md,3.1.1 WASM実行 (vSoC),36
WASI_Async_Bridge,docs/components/core/system_syscall.md,7. WASIホスト側実装,242
WASI_Async_Bridge,docs/components/interface/interface_wit.md,6. 非同期通知メカニズム,149
WASI_Async_Bridge,docs/requires/requirement_list.md,3. 命題リスト,32
WASI_Async_Bridge,docs/requires/requirement_list.md,3.1 機能要求,34
WASI_Implementation,docs/components/core/system_syscall.md,5. システムコールID,84
WASI_Implementation,docs/components/interface/interface_wit.md,5. HAL インターフェイス,82
WASI_Implementation,docs/components/interface/interface_wit.md,5.3 `fireball:host/bus` (Master/Slave Bus),94
WASI_Implementation,docs/components/interface/interface_wit.md,5.4 `fireball:host/streaming` (wasi:io 準拠),118
WASI_Implementation,docs/requires/requirement_list.md,3. 命題リスト,32
WASI_Implementation,docs/requires/requirement_list.md,3.1 機能要求,34
WASI_Implementation,docs/requires/requirement_list.md,3.1.3 システム連携 (IPC/HAL/WIT),81
WIT_Common_Types,docs/components/interface/interface_wit.md,1. 目的,3
WIT_Common_Types,docs/requires/requirement_list.md,3. 命題リスト,32
WIT_Common_Types,docs/requires/requirement_list.md,3.1 機能要求,34
WIT_Common_Types,docs/requires/requirement_list.md,3.1.3 システム連携 (IPC/HAL/WIT),81
WIT_First,docs/components/interface/interface_wit.md,1. 目的,3
WIT_First,docs/requires/requirement_list.md,3. 命題リスト,32
WIT_First,docs/requires/requirement_list.md,3.2.1 パフォーマンス・効率,136
WIT_First,docs/requires/requirement_list.md,3.2.2 開発方針・品質,152
WIT_Interface_Purpose,docs/components/core/system_syscall.md,6. Fireball Shim (`libfireball_shim`),213
WIT_Interface_Purpose,docs/components/core/system_syscall.md,6.1. 役割,215
WIT_Interface_Purpose,docs/components/interface/interface_wit.md,1. 目的,3
WIT_Interface_Purpose,docs/requires/requirement_list.md,3. 命題リスト,32
WIT_Interface_Purpose,docs/requires/requirement_list.md,3.1 機能要求,34
WIT_Interface_Purpose,docs/requires/requirement_list.md,3.1.3 システム連携 (IPC/HAL/WIT),81
WIT_Interface_Spec,docs/components/core/system_syscall.md,2. 背景,7
WIT_Interface_Spec,docs/components/core/system_syscall.md,3. `fireball_call` WIT定義,18
WIT_Interface_Spec,docs/requires/requirement_list.md,3. 命題リスト,32
WIT_Interface_Spec,docs/requires/requirement_list.md,3.1 機能要求,34
WIT_Interface_Spec,docs/requires/requirement_list.md,3.1.3 システム連携 (IPC/HAL/WIT),81
Wasm32Only,docs/components/runtime/runtime_loader.md,6.3 安全性制約と方策,279
Wasm32Only,docs/components/runtime/wasm_instruction.md,1. 概要,3
Wasm32Only,docs/requires/requirement_list.md,3. 命題リスト,32
Wasm32Only,docs/requires/requirement_list.md,3.1 機能要求,34
Wasm32Only,docs/requires/requirement_list.md,3.1.1 WASM実行 (vSoC),36
WasmPageAlignment,docs/components/platform/platform_memory.md,2. アーキテクチャ分類,7
WasmPageAlignment,docs/components/platform/platform_memory.md,5. 制約と不変条件,68
WasmPageAlignment,docs/components/runtime/runtime_vsoc.md,7. 制約達成の方策,448
WasmPageAlignment,docs/requires/requirement_list.md,3. 命題リスト,32
WasmPageAlignment,docs/requires/requirement_list.md,3.1 機能要求,34
WasmPageAlignment,docs/requires/requirement_list.md,3.1.1 WASM実行 (vSoC),36
ZeroCopyIndexing,docs/components/runtime/runtime_loader.md,4. 動的モデル,101
ZeroCopyIndexing,docs/components/runtime/runtime_loader.md,4.1 アルゴリズム,103
ZeroCopyIndexing,docs/components/runtime/runtime_loader.md,4.3 軽量検証スコープ,126
ZeroCopyIndexing,docs/components/runtime/runtime_loader.md,4.4 状態遷移図,138
ZeroCopyIndexing,docs/requires/requirement_list.md,3. 命題リスト,32
ZeroCopyIndexing,docs/requires/requirement_list.md,3.1 機能要求,34
ZeroRuntimeOverhead,docs/components/jit/jit_assembler_constexpr.md,2. アーキテクチャ分類,7
ZeroRuntimeOverhead,docs/components/jit/jit_assembler_constexpr.md,6. 制約達成の方策,94
ZeroRuntimeOverhead,docs/requires/requirement_list.md,3. 命題リスト,32
ZeroRuntimeOverhead,docs/requires/requirement_list.md,3.2.1 パフォーマンス・効率,136
vMMIO_Isolation,docs/components/core/system_config_details.md,2. マクロ一覧,7
vMMIO_Isolation,docs/components/core/system_config_details.md,2.3 HAL,49
vMMIO_Isolation,docs/components/core/system_config_details.md,2.4 vSoC / vMMIO,57
vMMIO_Isolation,docs/components/core/system_config_details.md,2.6 デバッガ,93
vMMIO_Isolation,docs/components/core/system_config_details.md,2.7 型定義・予約値,100
vMMIO_Isolation,docs/components/runtime/runtime_vmmio.md,3. 静的モデル,36
vMMIO_Isolation,docs/components/runtime/runtime_vmmio.md,L1/L2 ページテーブル定義,259
vMMIO_Isolation,docs/components/runtime/runtime_vmmio.md,動的デバイスページテーブルエントリ (vmmio_pte_tier3),233
vMMIO_Isolation,docs/requires/requirement_list.md,3. 命題リスト,32
vMMIO_Isolation,docs/requires/requirement_list.md,3.1 機能要求,34
vMMIO_Isolation,docs/requires/requirement_list.md,3.1.1 WASM実行 (vSoC),36
vMMIO_TLB,docs/components/runtime/runtime_vmmio.md,6. 制約達成の方策,541
vMMIO_TLB,docs/components/runtime/runtime_vmmio.md,6.1 性能制約と方策,543
vMMIO_TLB,docs/requires/requirement_list.md,3. 命題リスト,32
vMMIO_TLB,docs/requires/requirement_list.md,3.1 機能要求,34
vMMIO_TrapAndEmulate,docs/components/runtime/runtime_vmmio.md,1. コンセプト,3
vMMIO_TrapAndEmulate,docs/components/runtime/runtime_vmmio.md,5. インターフェイス定義,506
vMMIO_TrapAndEmulate,docs/components/runtime/runtime_vmmio.md,フック登録 (`register-hook`),512
vMMIO_TrapAndEmulate,docs/components/runtime/runtime_vsoc.md,5. インターフェイス定義,301
vMMIO_TrapAndEmulate,docs/components/runtime/runtime_vsoc.md,5.1 公開API,303
vMMIO_TrapAndEmulate,docs/components/runtime/runtime_vsoc.md,5.4 URI/IPCインターフェイス,382
vMMIO_TrapAndEmulate,docs/requires/requirement_list.md,3. 命題リスト,32
vMMIO_TrapAndEmulate,docs/requires/requirement_list.md,3.1 機能要求,34
vMMIO_TrapAndEmulate,docs/requires/requirement_list.md,3.1.1 WASM実行 (vSoC),36
